Total_Kicking_PTS,Total_defensive_PTS,Total_Offensive_PTS,pos,player,rank,id,team,game.week,opp,pass_yds,pass_td,pass_int,rush_yds,rush_td,rec,rec_yds,rec_td,def_sck,def_int,fum_forced,fum_recovered,fpts,tkl_solo,tkl_astd,tkl_loss,def_sck_yds,qb_hits,pass_def,def_td,fg,fg_att,fg_pct,fg_long,xp,xp_att,PassingYards_PTS,RushingYards_PTS,ReceivingYards_PTS,ReceivingYards_and_Rushing_Yards_SpecialRoundingCase,ReceivingTouchdowns_PTS,PassingTouchdowns_PTS,RushingTouchdowns_PTS,Fumbles_Lost_PTS,Interception_Offensive_PTS,AssistedTackles_PTS,SoloTackles_PTS,PassesDefended_PTS,Sacks_PTS + Assisted Sacks_PTS,Safeties_PTS,Interception_Defensive_PTS,SpecialTeamsTouchdowns_PTS,FumblesForced_PTS,FumblesRecovered,FumblesRecovered_PTS,ExtraPointsMade_PTS,FieldGoalsMade_PTS
,,2,QB,Aaron Rodgers,453,2593,PIT,13,BUF,117.0,0.0,0.0,0.0,0.0,0,0.0,0.0,0,0.0,0.0,0,2.7,,,,,,,,,,,,,,4.0,0.0,0.0,0.0,0.0,0.0,0.0,0,-0.0,,,,0,0,0.0,,0.0,0.0,0.0,,
,,13.0,QB,Baker Mayfield,47,19790,TB,13,ARI,194.0,1.0,0.0,27.0,0.0,0,0.0,0.0,0,0.0,0.0,0,14.5,,,,,,,,,,,,,,7.0,2.0,0.0,2.0,0.0,4.0,0.0,0,-0.0,,,,0,0,0.0,,0.0,0.0,0.0,,
,,16.0,QB,Brock Purdy,34,23241,SF,13,CLE,168.0,1.0,0.0,4.0,1.0,0,0.0,0.0,0,0.0,0.0,0,17.1,,,,,,,,,,,,,,6.0,0.0,0.0,0.0,0.0,4.0,6.0,0,-0.0,,,,0,0,0.0,,0.0,0.0,0.0,,
,,22.0,QB,Bryce Young,6,23132,CAR,13,LAR,206.0,3.0,0.0,23.0,0.0,0,0.0,0.0,0,0.0,0.0,0,22.5,,,,,,,,,,,,,,8.0,2.0,0.0,2.0,0.0,12.0,0.0,0,-0.0,,,,0,0,0.0,,0.0,0.0,0.0,,
,,9.0,QB,C.J. Stroud,128,23239,HOU,13,IND,276.0,0.0,1.0,0.0,0.0,0,0.0,0.0,0,0.0,0.0,0,9.0,,,,,,,,,,,,,,11.0,0.0,0.0,0.0,0.0,0.0,0.0,0,-2.0,,,,0,0,0.0,,0.0,0.0,0.0,,
,,5.0,QB,Cam Ward,234,25323,TEN,13,JAX,141.0,0.0,0.0,7.0,0.0,0,0.0,0.0,0,0.0,0.0,0,6.3,,,,,,,,,,,,,,5.0,0.0,0.0,0.0,0.0,0.0,0.0,0,-0.0,,,,0,0,0.0,,0.0,0.0,0.0,,
,,16.0,QB,Daniel Jones,40,20841,IND,13,HOU,201.0,2.0,0.0,1.0,0.0,0,0.0,0.0,0,0.0,0.0,0,16.1,,,,,,,,,,,,,,8.0,0.0,0.0,0.0,0.0,8.0,0.0,0,-0.0,,,,0,0,0.0,,0.0,0.0,0.0,,
,,0.0,QB,Dillon Gabriel,841,23177,CLE,13,SF,0.0,0.0,0.0,0.0,0.0,0,0.0,0.0,0,0.0,0.0,0,0.0,,,,,,,,,,,,,,0.0,0.0,0.0,0.0,0.0,0.0,0.0,0,-0.0,,,,0,0,0.0,,0.0,0.0,0.0,,
,,12.0,QB,Geno Smith,69,14895,LV,13,LAC,165.0,2.0,1.0,-6.0,0.0,0,0.0,0.0,0,0.0,0.0,0,12.0,,,,,,,,,,,,,,6.0,-1.0,0.0,0.0,0.0,8.0,0.0,0,-2.0,,,,0,0,0.0,,0.0,0.0,0.0,,
,,19.0,QB,Jacoby Brissett,19,18018,ARI,13,TB,301.0,2.0,1.0,16.0,0.0,0,0.0,0.0,0,0.0,0.0,0,19.6,,,,,,,,,,,,,,12.0,1.0,0.0,1.0,0.0,8.0,0.0,0,-2.0,,,,0,0,0.0,,0.0,0.0,0.0,,
,,15.0,QB,Josh Allen,35,19801,BUF,13,PIT,123.0,1.0,1.0,38.0,1.0,0,0.0,0.0,0,0.0,0.0,0,16.7,,,,,,,,,,,,,,4.0,3.0,0.0,3.0,0.0,4.0,6.0,0,-2.0,,,,0,0,0.0,,0.0,0.0,0.0,,
,,12.0,QB,Justin Herbert,66,21681,LAC,13,LV,151.0,2.0,1.0,8.0,0.0,0,0.0,0.0,0,0.0,0.0,0,12.8,,,,,,,,,,,,,,6.0,0.0,0.0,0.0,0.0,8.0,0.0,0,-2.0,,,,0,0,0.0,,0.0,0.0,0.0,,
,,13.0,QB,Kirk Cousins,61,14252,ATL,13,NYJ,234.0,1.0,0.0,0.0,0.0,0,0.0,0.0,0,0.0,0.0,0,13.4,,,,,,,,,,,,,,9.0,0.0,0.0,0.0,0.0,4.0,0.0,0,-0.0,,,,0,0,0.0,,0.0,0.0,0.0,,
,,0.0,QB,Mac Jones,773,22496,SF,13,CLE,0.0,0.0,0.0,2.0,0.0,0,0.0,0.0,0,0.0,0.0,0,0.2,,,,,,,,,,,,,,0.0,0.0,0.0,0.0,0.0,0.0,0.0,0,-0.0,,,,0,0,0.0,,0.0,0.0,0.0,,
,,-2.0,QB,Mason Rudolph,1033,19850,PIT,13,BUF,0.0,0.0,1.0,0.0,0.0,0,0.0,0.0,0,0.0,0.0,0,-2.0,,,,,,,,,,,,,,0.0,0.0,0.0,0.0,0.0,0.0,0.0,0,-2.0,,,,0,0,0.0,,0.0,0.0,0.0,,
,,11,QB,Matthew Stafford,70,9038,LAR,13,CAR,243.0,2.0,2.0,-1.0,0.0,0,0.0,0.0,0,0.0,0.0,0,11.6,,,,,,,,,,,,,,9.0,-1.0,0.0,0.0,0.0,8.0,0.0,0,-4.0,,,,0,0,0.0,,0.0,0.0,0.0,,
,,-3.0,QB,Max Brosmer,1034,26083,MIN,13,SEA,126.0,0.0,4.0,-1.0,0.0,0,0.0,0.0,0,0.0,0.0,0,-3.1,,,,,,,,,,,,,,5.0,-1.0,0.0,0.0,0.0,0.0,0.0,0,-8.0,,,,0,0,0.0,,0.0,0.0,0.0,,
,,0.0,QB,Nick Mullens,1029,19330,JAX,13,TEN,0.0,0.0,0.0,-3.0,0.0,0,0.0,0.0,0,0.0,0.0,0,-0.3,,,,,,,,,,,,,,0.0,-1.0,0.0,0.0,0.0,0.0,0.0,0,-0.0,,,,0,0,0.0,,0.0,0.0,0.0,,
,,3,QB,Sam Darnold,402,19812,SEA,13,MIN,128.0,0.0,0.0,0.0,0.0,0,0.0,0.0,0,0.0,0.0,0,3.1,,,,,,,,,,,,,,5.0,0.0,0.0,0.0,0.0,0.0,0.0,0,-0.0,,,,0,0,0.0,,0.0,0.0,0.0,,
,,9.0,QB,Shedeur Sanders,95,26079,CLE,13,SF,149.0,1.0,0.0,6.0,0.0,0,0.0,0.0,0,0.0,0.0,0,10.6,,,,,,,,,,,,,,5.0,0.0,0.0,0.0,0.0,4.0,0.0,0,-0.0,,,,0,0,0.0,,0.0,0.0,0.0,,
,,0.0,QB,Taysom Hill,671,19238,NO,13,MIA,0.0,0.0,0.0,2.0,0.0,1,5.0,0.0,0,0.0,0.0,0,0.7,,,,,,,,,,,,,,0.0,0.0,0.0,0.0,0.0,0.0,0.0,0,-0.0,,,,0,0,0.0,,0.0,0.0,0.0,,
,,21,QB,Trevor Lawrence,10,22490,JAX,13,TEN,229.0,2.0,0.0,25.0,0.0,0,0.0,0.0,0,0.0,0.0,0,21.7,,,,,,,,,,,,,,9.0,2.0,0.0,2.0,0.0,8.0,0.0,0,-0.0,,,,0,0,0.0,,0.0,0.0,0.0,,
,,0.0,QB,Trey Lance,670,22493,LAC,13,LV,9.0,0.0,0.0,4.0,0.0,0,0.0,0.0,0,0.0,0.0,0,0.8,,,,,,,,,,,,,,0.0,0.0,0.0,0.0,0.0,0.0,0.0,0,-0.0,,,,0,0,0.0,,0.0,0.0,0.0,,
,,4.0,QB,Tua Tagovailoa,292,21677,MIA,13,NO,157.0,0.0,1.0,4.0,0.0,0,0.0,0.0,0,0.0,0.0,0,4.7,,,,,,,,,,,,,,6.0,0.0,0.0,0.0,0.0,0.0,0.0,0,-2.0,,,,0,0,0.0,,0.0,0.0,0.0,,
,,16,QB,Tyler Shough,32,23187,NO,13,MIA,239.0,2.0,1.0,18.0,0.0,0,0.0,0.0,0,0.0,0.0,0,17.4,,,,,,,,,,,,,,9.0,1.0,0.0,1.0,0.0,8.0,0.0,0,-2.0,,,,0,0,0.0,,0.0,0.0,0.0,,
,,20.0,QB,Tyrod Taylor,12,12831,NYJ,13,ATL,172.0,1.0,0.0,44.0,1.0,0,0.0,0.0,0,0.0,0.0,0,21.3,,,,,,,,,,,,,,6.0,4.0,0.0,4.0,0.0,4.0,6.0,0,-0.0,,,,0,0,0.0,,0.0,0.0,0.0,,
,,0,RB,Aaron Jones Sr.,725,19045,MIN,13,SEA,0.0,0.0,0.0,3.0,0.0,4,22.0,0.0,0,0.0,0.0,0,0.5,,,,,,,,,,,,,,0.0,0.0,2.0,2.0,0.0,0.0,0.0,0,-0.0,,,,0,0,0.0,,0.0,0.0,0.0,,
,,0.0,RB,Ameer Abdullah,922,16815,IND,13,HOU,0.0,0.0,0.0,0.0,0.0,0,0.0,0.0,0,0.0,0.0,0,0.0,,,,,,,,,,,,,,0.0,0.0,0.0,0.0,0.0,0.0,0.0,0,-0.0,,,,0,0,0.0,,0.0,0.0,0.0,,
,,6.0,RB,Ashton Jeanty,239,25868,LV,13,LAC,0.0,0.0,0.0,31.0,0.0,6,30.0,0.0,0,0.0,0.0,0,6.1,,,,,,,,,,,,,,0.0,3.0,3.0,6.0,0.0,0.0,0.0,0,-0.0,,,,0,0,0.0,,0.0,0.0,0.0,,
,,16,RB,Bam Knight,53,23847,ARI,13,TB,0.0,0.0,0.0,62.0,0.0,3,36.0,1.0,0,0.0,0.0,0,13.8,,,,,,,,,,,,,,0.0,6.0,3.0,9.0,6.0,0.0,0.0,0,-0.0,,,,0,0,0.0,,0.0,0.0,0.0,,
,,7.0,RB,Bhayshul Tuten,168,25898,JAX,13,TEN,0.0,0.0,0.0,17.0,1.0,1,2.0,0.0,0,0.0,0.0,0,7.9,,,,,,,,,,,,,,0.0,1.0,0.0,1.0,0.0,0.0,6.0,0,-0.0,,,,0,0,0.0,,0.0,0.0,0.0,,
,,25.0,RB,Bijan Robinson,3,23189,ATL,13,NYJ,0.0,0.0,0.0,142.0,1.0,5,51.0,0.0,0,0.0,0.0,0,25.3,,,,,,,,,,,,,,0.0,14.0,5.0,19.0,0.0,0.0,6.0,0,-0.0,,,,0,0,0.0,,0.0,0.0,0.0,,
,,14.0,RB,Blake Corum,50,24116,LAR,13,CAR,0.0,0.0,0.0,81.0,1.0,0,0.0,0.0,0,0.0,0.0,0,14.1,,,,,,,,,,,,,,0.0,8.0,0.0,8.0,0.0,0.0,6.0,0,-0.0,,,,0,0,0.0,,0.0,0.0,0.0,,
,,13.0,RB,Breece Hall,56,22526,NYJ,13,ATL,0.0,0.0,0.0,68.0,1.0,2,8.0,0.0,0,0.0,0.0,0,13.6,,,,,,,,,,,,,,0.0,6.0,0.0,7.0,0.0,0.0,6.0,0,-0.0,,,,0,0,0.0,,0.0,0.0,0.0,,
,,2.0,RB,Brian Robinson Jr.,454,23190,SF,13,CLE,0.0,0.0,0.0,26.0,0.0,0,0.0,0.0,0,0.0,0.0,0,2.6,,,,,,,,,,,,,,0.0,2.0,0.0,2.0,0.0,0.0,0.0,0,-0.0,,,,0,0,0.0,,0.0,0.0,0.0,,
,,14.0,RB,Bucky Irving,51,24967,TB,13,ARI,0.0,0.0,0.0,61.0,1.0,2,20.0,0.0,0,0.0,0.0,0,14.1,,,,,,,,,,,,,,0.0,6.0,2.0,8.0,0.0,0.0,6.0,0,-0.0,,,,0,0,0.0,,0.0,0.0,0.0,,
,,13.0,RB,Christian McCaffrey,58,18877,SF,13,CLE,0.0,0.0,0.0,53.0,1.0,4,21.0,0.0,0,0.0,0.0,0,13.4,,,,,,,,,,,,,,0.0,5.0,2.0,7.0,0.0,0.0,6.0,0,-0.0,,,,0,0,0.0,,0.0,0.0,0.0,,
,,18.0,RB,Chuba Hubbard,24,21691,CAR,13,LAR,0.0,0.0,0.0,83.0,0.0,2,41.0,1.0,0,0.0,0.0,0,18.4,,,,,,,,,,,,,,0.0,8.0,4.0,12.0,6.0,0.0,0.0,0,-0.0,,,,0,0,0.0,,0.0,0.0,0.0,,
,,0.0,RB,Dare Ogunbowale,927,19626,HOU,13,IND,0.0,0.0,0.0,0.0,0.0,0,0.0,0.0,0,0.0,0.0,0,0.0,,,,,,,,,,,,,,0.0,0.0,0.0,0.0,0.0,0.0,0.0,0,-0.0,,,,0,0,0.0,,0.0,0.0,0.0,,
,,6.0,RB,Devin Neal,209,25888,NO,13,MIA,0.0,0.0,0.0,47.0,0.0,3,22.0,0.0,0,0.0,0.0,0,6.9,,,,,,,,,,,,,,0.0,4.0,2.0,6.0,0.0,0.0,0.0,0,-0.0,,,,0,0,0.0,,0.0,0.0,0.0,,
,,19.0,RB,De'Von Achane,20,24179,MIA,13,NO,0.0,0.0,0.0,134.0,1.0,0,0.0,0.0,0,0.0,0.0,0,19.4,,,,,,,,,,,,,,0.0,13.0,0.0,13.0,0.0,0.0,6.0,0,-0.0,,,,0,0,0.0,,0.0,0.0,0.0,,
,,0.0,RB,Dylan Laube,905,25054,LV,13,LAC,0.0,0.0,0.0,0.0,0.0,0,0.0,0.0,0,0.0,0.0,0,0.0,,,,,,,,,,,,,,0.0,0.0,0.0,0.0,0.0,0.0,0.0,0,-0.0,,,,0,0,0.0,,0.0,0.0,0.0,,
,,2.0,RB,Dylan Sampson,490,25889,CLE,13,SF,0.0,0.0,0.0,23.0,0.0,0,0.0,0.0,0,0.0,0.0,0,2.3,,,,,,,,,,,,,,0.0,2.0,0.0,2.0,0.0,0.0,0.0,0,-0.0,,,,0,0,0.0,,0.0,0.0,0.0,,
,,1.0,RB,Evan Hull,585,24204,NO,13,MIA,0.0,0.0,0.0,15.0,0.0,0,0.0,0.0,0,0.0,0.0,0,1.5,,,,,,,,,,,,,,0.0,1.0,0.0,1.0,0.0,0.0,0.0,0,-0.0,,,,0,0,0.0,,0.0,0.0,0.0,,
,,1,RB,Isaac Guerendo,829,25063,SF,13,CLE,0.0,0.0,0.0,0.0,0.0,0,0.0,0.0,0,0.0,1.0,0,0.0,,,,,,,,,,,,,,0.0,0.0,0.0,0.0,0.0,0.0,0.0,0,-0.0,,,,0,0,0.0,,4.0,0.0,0.0,,
,,1,RB,Isaiah Davis,909,25064,NYJ,13,ATL,0.0,0.0,0.0,0.0,0.0,0,0.0,0.0,0,0.0,0.0,0,0.0,,,,,,,,,,,,,,0.0,0.0,0.0,0.0,0.0,0.0,0.0,0,-0.0,,,,0,0,0.0,,0.0,0.0,0.0,,
,,15,RB,James Cook,41,23247,BUF,13,PIT,0.0,0.0,0.0,144.0,0.0,3,33.0,0.0,0,0.0,0.0,0,15.7,,,,,,,,,,,,,,0.0,14.0,3.0,17.0,0.0,0.0,0.0,0,-0.0,,,,0,0,0.0,,0.0,0.0,0.0,,
,,11.0,RB,Jaret Patterson,76,22556,LAC,13,LV,0.0,0.0,0.0,54.0,1.0,0,0.0,0.0,0,0.0,0.0,0,11.4,,,,,,,,,,,,,,0.0,5.0,0.0,5.0,0.0,0.0,6.0,0,-0.0,,,,0,0,0.0,,0.0,0.0,0.0,,
,,10.0,RB,Jaylen Warren,103,23479,PIT,13,BUF,0.0,0.0,0.0,35.0,1.0,2,9.0,0.0,0,0.0,0.0,0,10.4,,,,,,,,,,,,,,0.0,3.0,0.0,4.0,0.0,0.0,6.0,0,-0.0,,,,0,0,0.0,,0.0,0.0,0.0,,
,,1.0,RB,Jaylen Wright,553,24923,MIA,13,NO,0.0,0.0,0.0,16.0,0.0,0,0.0,0.0,0,0.0,0.0,0,1.6,,,,,,,,,,,,,,0.0,1.0,0.0,1.0,0.0,0.0,0.0,0,-0.0,,,,0,0,0.0,,0.0,0.0,0.0,,
,,1.0,RB,Jerome Ford,549,23205,CLE,13,SF,0.0,0.0,0.0,0.0,0.0,3,17.0,0.0,0,0.0,0.0,0,1.7,,,,,,,,,,,,,,0.0,0.0,1.0,1.0,0.0,0.0,0.0,0,-0.0,,,,0,0,0.0,,0.0,0.0,0.0,,
,,12.0,RB,Jonathan Taylor,68,21682,IND,13,HOU,0.0,0.0,0.0,85.0,0.0,3,36.0,0.0,0,0.0,0.0,0,12.1,,,,,,,,,,,,,,0.0,8.0,3.0,12.0,0.0,0.0,0.0,0,-0.0,,,,0,0,0.0,,0.0,0.0,0.0,,
,,4.0,RB,Jordan Mason,288,23364,MIN,13,SEA,0.0,0.0,0.0,47.0,0.0,1,1.0,0.0,0,0.0,0.0,0,4.8,,,,,,,,,,,,,,0.0,4.0,0.0,4.0,0.0,0.0,0.0,0,-0.0,,,,0,0,0.0,,0.0,0.0,0.0,,
,,0.0,RB,Julius Chestnut,878,23586,TEN,13,JAX,0.0,0.0,0.0,0.0,0.0,0,0.0,0.0,0,0.0,0.0,0,0.0,,,,,,,,,,,,,,0.0,0.0,0.0,0.0,0.0,0.0,0.0,0,-0.0,,,,0,0,0.0,,0.0,0.0,0.0,,
,,0.0,RB,Kaleb Johnson,769,26040,PIT,13,BUF,0.0,0.0,0.0,3.0,0.0,0,0.0,0.0,0,0.0,0.0,0,0.3,,,,,,,,,,,,,,0.0,0.0,0.0,0.0,0.0,0.0,0.0,0,-0.0,,,,0,0,0.0,,0.0,0.0,0.0,,
,,4.0,RB,Kenneth Gainwell,301,22562,PIT,13,BUF,0.0,0.0,0.0,20.0,0.0,2,25.0,0.0,0,0.0,0.0,0,4.5,,,,,,,,,,,,,,0.0,2.0,2.0,4.0,0.0,0.0,0.0,0,-0.0,,,,0,0,0.0,,0.0,0.0,0.0,,
,,7.0,RB,Kenneth Walker III,183,23214,SEA,13,MIN,0.0,0.0,0.0,56.0,0.0,3,18.0,0.0,0,0.0,0.0,0,7.4,,,,,,,,,,,,,,0.0,5.0,1.0,7.0,0.0,0.0,0.0,0,-0.0,,,,0,0,0.0,,0.0,0.0,0.0,,
,,19.0,RB,Kimani Vidal,18,25079,LAC,13,LV,0.0,0.0,0.0,126.0,1.0,1,11.0,0.0,0,0.0,0.0,0,19.7,,,,,,,,,,,,,,0.0,12.0,1.0,13.0,0.0,0.0,6.0,0,-0.0,,,,0,0,0.0,,0.0,0.0,0.0,,
,,13.0,RB,Kyren Williams,63,23212,LAR,13,CAR,0.0,0.0,0.0,72.0,1.0,0,0.0,0.0,0,0.0,0.0,0,13.2,,,,,,,,,,,,,,0.0,7.0,0.0,7.0,0.0,0.0,6.0,0,-0.0,,,,0,0,0.0,,0.0,0.0,0.0,,
,,0.0,RB,LeQuint Allen Jr.,879,25986,JAX,13,TEN,0.0,0.0,0.0,0.0,0.0,0,0.0,0.0,0,0.0,1.0,1,0.0,,,,,,,,,,,,,,0.0,0.0,0.0,0.0,0.0,0.0,0.0,0,-0.0,,,,0,0,0.0,,4.0,1.0,2.0,,
,,6.0,RB,Michael Carter,233,22553,ARI,13,TB,0.0,0.0,0.0,17.0,0.0,5,47.0,0.0,0,0.0,0.0,0,6.4,,,,,,,,,,,,,,0.0,1.0,4.0,6.0,0.0,0.0,0.0,0,-0.0,,,,0,0,0.0,,0.0,0.0,0.0,,
,,0.0,RB,Myles Gaskin,674,20768,SEA,13,MIN,0.0,0.0,0.0,6.0,0.0,0,0.0,0.0,0,0.0,0.0,0,0.6,,,,,,,,,,,,,,0.0,0.0,0.0,0.0,0.0,0.0,0.0,0,-0.0,,,,0,0,0.0,,0.0,0.0,0.0,,
,,9.0,RB,Nick Chubb,124,19798,HOU,13,IND,0.0,0.0,0.0,34.0,1.0,0,0.0,0.0,0,0.0,0.0,0,9.4,,,,,,,,,,,,,,0.0,3.0,0.0,3.0,0.0,0.0,6.0,0,-0.0,,,,0,0,0.0,,0.0,0.0,0.0,,
,,1.0,RB,Ollie Gordon II,655,25953,MIA,13,NO,0.0,0.0,0.0,10.0,0.0,0,0.0,0.0,0,0.0,0.0,0,1.0,,,,,,,,,,,,,,0.0,1.0,0.0,1.0,0.0,0.0,0.0,0,-0.0,,,,0,0,0.0,,0.0,0.0,0.0,,
,,12,RB,Quinshon Judkins,65,25946,CLE,13,SF,0.0,0.0,0.0,91.0,0.0,3,18.0,0.0,0,0.0,0.0,0,12.9,,,,,,,,,,,,,,0.0,9.0,1.0,10.0,0.0,0.0,0.0,0,-0.0,,,,0,0,0.0,,0.0,0.0,0.0,,
,,2.0,RB,Rachaad White,438,23217,TB,13,ARI,0.0,0.0,0.0,7.0,0.0,3,22.0,0.0,0,0.0,0.0,0,2.9,,,,,,,,,,,,,,0.0,0.0,2.0,2.0,0.0,0.0,0.0,0,-0.0,,,,0,0,0.0,,0.0,0.0,0.0,,
,,0.0,RB,Raheem Mostert,673,17217,LV,13,LAC,0.0,0.0,0.0,6.0,0.0,0,0.0,0.0,0,0.0,0.0,0,0.6,,,,,,,,,,,,,,0.0,0.0,0.0,0.0,0.0,0.0,0.0,0,-0.0,,,,0,0,0.0,,0.0,0.0,0.0,,
,,6.0,RB,Ray Davis,237,24980,BUF,13,PIT,0.0,0.0,0.0,62.0,0.0,0,0.0,0.0,0,0.0,0.0,0,6.2,,,,,,,,,,,,,,0.0,6.0,0.0,6.0,0.0,0.0,0.0,0,-0.0,,,,0,0,0.0,,0.0,0.0,0.0,,
,,7.0,RB,Rico Dowdle,167,21952,CAR,13,LAR,0.0,0.0,0.0,58.0,0.0,2,21.0,0.0,0,0.0,0.0,0,7.9,,,,,,,,,,,,,,0.0,5.0,2.0,7.0,0.0,0.0,0.0,0,-0.0,,,,0,0,0.0,,0.0,0.0,0.0,,
,,0.0,RB,Ronnie Rivers,807,22547,LAR,13,CAR,0.0,0.0,0.0,0.0,0.0,0,0.0,0.0,0,0.0,0.0,0,0.0,,,,,,,,,,,,,,0.0,0.0,0.0,0.0,0.0,0.0,0.0,0,-0.0,,,,0,0,0.0,,0.0,0.0,0.0,,
,,0.0,RB,Sean Tucker,923,24194,TB,13,ARI,0.0,0.0,0.0,0.0,0.0,0,0.0,0.0,0,0.0,0.0,0,0.0,,,,,,,,,,,,,,0.0,0.0,0.0,0.0,0.0,0.0,0.0,0,-0.0,,,,0,0,0.0,,0.0,0.0,0.0,,
,,4,RB,Tony Pollard,322,20912,TEN,13,JAX,0.0,0.0,0.0,60.0,0.0,1,3.0,0.0,0,0.0,0.0,0,4.3,,,,,,,,,,,,,,0.0,6.0,0.0,6.0,0.0,0.0,0.0,0,-0.0,,,,0,0,0.0,,0.0,0.0,0.0,,
,,4.0,RB,Travis Etienne Jr.,324,21696,JAX,13,TEN,0.0,0.0,0.0,28.0,0.0,1,13.0,0.0,0,0.0,0.0,0,4.1,,,,,,,,,,,,,,0.0,2.0,1.0,4.0,0.0,0.0,0.0,0,-0.0,,,,0,0,0.0,,0.0,0.0,0.0,,
,,0.0,RB,Trevor Etienne,763,25948,CAR,13,LAR,0.0,0.0,0.0,0.0,0.0,1,4.0,0.0,0,0.0,0.0,0,0.4,,,,,,,,,,,,,,0.0,0.0,0.0,0.0,0.0,0.0,0.0,0,-0.0,,,,0,0,0.0,,0.0,0.0,0.0,,
,,2.0,RB,Ty Johnson,482,20837,BUF,13,PIT,0.0,0.0,0.0,5.0,0.0,3,20.0,0.0,0,0.0,0.0,0,2.5,,,,,,,,,,,,,,0.0,0.0,2.0,2.0,0.0,0.0,0.0,0,-0.0,,,,0,0,0.0,,0.0,0.0,0.0,,
,,2.0,RB,Tyjae Spears,485,24123,TEN,13,JAX,0.0,0.0,0.0,-1.0,0.0,6,25.0,0.0,0,0.0,0.0,0,2.4,,,,,,,,,,,,,,0.0,-1.0,2.0,2.0,0.0,0.0,0.0,0,-0.0,,,,0,0,0.0,,0.0,0.0,0.0,,
,,11.0,RB,Tyler Allgeier,75,23250,ATL,13,NYJ,0.0,0.0,0.0,20.0,1.0,2,35.0,0.0,0,0.0,0.0,0,11.5,,,,,,,,,,,,,,0.0,2.0,3.0,5.0,0.0,0.0,6.0,0,-0.0,,,,0,0,0.0,,0.0,0.0,0.0,,
,,0.0,RB,Tyler Goodson,932,23341,IND,13,HOU,0.0,0.0,0.0,0.0,0.0,0,0.0,0.0,0,0.0,0.0,0,0.0,,,,,,,,,,,,,,0.0,0.0,0.0,0.0,0.0,0.0,0.0,0,-0.0,,,,0,0,0.0,,0.0,0.0,0.0,,
,,6.0,RB,Woody Marks,216,25942,HOU,13,IND,0.0,0.0,0.0,64.0,0.0,1,3.0,0.0,0,0.0,0.0,0,6.7,,,,,,,,,,,,,,0.0,6.0,0.0,6.0,0.0,0.0,0.0,0,-0.0,,,,0,0,0.0,,0.0,0.0,0.0,,
,,11.0,RB,Zach Charbonnet,80,23173,SEA,13,MIN,0.0,0.0,0.0,52.0,1.0,0,0.0,0.0,0,0.0,0.0,0,11.2,,,,,,,,,,,,,,0.0,5.0,0.0,5.0,0.0,0.0,6.0,0,-0.0,,,,0,0,0.0,,0.0,0.0,0.0,,
,,2.0,RB,Zavier Scott,496,24595,MIN,13,SEA,0.0,0.0,0.0,17.0,0.0,1,4.0,0.0,0,0.0,0.0,0,2.1,,,,,,,,,,,,,,0.0,1.0,0.0,2.0,0.0,0.0,0.0,0,-0.0,,,,0,0,0.0,,0.0,0.0,0.0,,
,,16.0,WR,Adonai Mitchell,39,24954,NYJ,13,ATL,0.0,0.0,0.0,0.0,0.0,8,102.0,1.0,0,0.0,0.0,0,16.2,,,,,,,,,,,,,,0.0,0.0,10.0,10.0,6.0,0.0,0.0,0,-0.0,,,,0,0,0.0,,0.0,0.0,0.0,,
,,13.0,WR,Alec Pierce,54,23232,IND,13,HOU,0.0,0.0,0.0,0.0,0.0,4,78.0,1.0,0,0.0,0.0,0,13.8,,,,,,,,,,,,,,0.0,0.0,7.0,7.0,6.0,0.0,0.0,0,-0.0,,,,0,0,0.0,,0.0,0.0,0.0,,
,,0.0,WR,Alex Bachman,902,21294,LV,13,LAC,0.0,0.0,0.0,0.0,0.0,0,0.0,0.0,0,0.0,0.0,0,0.0,,,,,,,,,,,,,,0.0,0.0,0.0,0.0,0.0,0.0,0.0,0,-0.0,,,,0,0,0.0,,0.0,0.0,0.0,,
,,1.0,WR,Allen Lazard,628,20145,NYJ,13,ATL,0.0,0.0,0.0,0.0,0.0,1,10.0,0.0,0,0.0,0.0,0,1.0,,,,,,,,,,,,,,0.0,0.0,1.0,1.0,0.0,0.0,0.0,0,-0.0,,,,0,0,0.0,,0.0,0.0,0.0,,
,,0.0,WR,Andre Baccellia,913,22234,ARI,13,TB,0.0,0.0,0.0,0.0,0.0,0,0.0,0.0,0,0.0,0.0,0,0.0,,,,,,,,,,,,,,0.0,0.0,0.0,0.0,0.0,0.0,0.0,0,-0.0,,,,0,0,0.0,,0.0,0.0,0.0,,
,,0.0,WR,Anthony Gould,920,25126,IND,13,HOU,0.0,0.0,0.0,0.0,0.0,0,0.0,0.0,0,0.0,0.0,0,0.0,,,,,,,,,,,,,,0.0,0.0,0.0,0.0,0.0,0.0,0.0,0,-0.0,,,,0,0,0.0,,0.0,0.0,0.0,,
,,0.0,WR,Austin Trammell,880,22973,JAX,13,TEN,0.0,0.0,0.0,0.0,0.0,0,0.0,0.0,0,0.0,0.0,0,0.0,,,,,,,,,,,,,,0.0,0.0,0.0,0.0,0.0,0.0,0.0,0,-0.0,,,,0,0,0.0,,0.0,0.0,0.0,,
,,0.0,WR,Ben Skowronek,890,22590,PIT,13,BUF,0.0,0.0,0.0,0.0,0.0,0,0.0,0.0,0,0.0,0.0,0,0.0,,,,,,,,,,,,,,0.0,0.0,0.0,0.0,0.0,0.0,0.0,0,-0.0,,,,0,0,0.0,,0.0,0.0,0.0,,
,,1.0,WR,Brandin Cooks,591,16568,BUF,13,PIT,0.0,0.0,0.0,0.0,0.0,1,13.0,0.0,0,0.0,0.0,0,1.3,,,,,,,,,,,,,,0.0,0.0,1.0,1.0,0.0,0.0,0.0,0,-0.0,,,,0,0,0.0,,0.0,0.0,0.0,,
,,2.0,WR,Brian Thomas Jr.,441,24933,JAX,13,TEN,0.0,0.0,0.0,0.0,0.0,2,28.0,0.0,0,0.0,0.0,0,2.8,,,,,,,,,,,,,,0.0,0.0,2.0,2.0,0.0,0.0,0.0,0,-0.0,,,,0,0,0.0,,0.0,0.0,0.0,,
,,0.0,WR,Brycen Tremayne,806,24296,CAR,13,LAR,0.0,0.0,0.0,0.0,0.0,0,0.0,0.0,0,0.0,0.0,0,0.0,,,,,,,,,,,,,,0.0,0.0,0.0,0.0,0.0,0.0,0.0,0,-0.0,,,,0,0,0.0,,0.0,0.0,0.0,,
,,0.0,WR,Calvin Austin III,891,22566,PIT,13,BUF,0.0,0.0,0.0,0.0,0.0,0,0.0,0.0,0,0.0,0.0,0,0.0,,,,,,,,,,,,,,0.0,0.0,0.0,0.0,0.0,0.0,0.0,0,-0.0,,,,0,0,0.0,,0.0,0.0,0.0,,
,,0.0,WR,Cedric Tillman,825,24348,CLE,13,SF,0.0,0.0,0.0,0.0,0.0,0,0.0,0.0,0,0.0,0.0,0,0.0,,,,,,,,,,,,,,0.0,0.0,0.0,0.0,0.0,0.0,0.0,0,-0.0,,,,0,0,0.0,,0.0,0.0,0.0,,
,,1.0,WR,Cedrick Wilson Jr.,552,20013,MIA,13,NO,0.0,0.0,0.0,0.0,0.0,1,16.0,0.0,0,0.0,0.0,0,1.6,,,,,,,,,,,,,,0.0,0.0,1.0,1.0,0.0,0.0,0.0,0,-0.0,,,,0,0,0.0,,0.0,0.0,0.0,,
,,-2,WR,Chimere Dike,1030,25987,TEN,13,JAX,0.0,0.0,0.0,1.0,0.0,1,8.0,0.0,0,0.0,0.0,0,-1.1,,,,,,,,,,,,,,0.0,0.0,0.0,0.0,0.0,0.0,0.0,0,-0.0,,,,0,0,0.0,,0.0,0.0,0.0,,
,,7.0,WR,Chris Godwin Jr.,170,18880,TB,13,ARI,0.0,0.0,0.0,0.0,0.0,3,78.0,0.0,0,0.0,0.0,0,7.8,,,,,,,,,,,,,,0.0,0.0,7.0,7.0,0.0,0.0,0.0,0,-0.0,,,,0,0,0.0,,0.0,0.0,0.0,,
,,10.0,WR,Chris Olave,93,22565,NO,13,MIA,0.0,0.0,0.0,0.0,0.0,4,47.0,1.0,0,0.0,0.0,0,10.7,,,,,,,,,,,,,,0.0,0.0,4.0,4.0,6.0,0.0,0.0,0,-0.0,,,,0,0,0.0,,0.0,0.0,0.0,,
,,2.0,WR,Cody White,494,21964,SEA,13,MIN,0.0,0.0,0.0,0.0,0.0,1,21.0,0.0,0,0.0,0.0,0,2.1,,,,,,,,,,,,,,0.0,0.0,2.0,2.0,0.0,0.0,0.0,0,-0.0,,,,0,0,0.0,,0.0,0.0,0.0,,
,,2.0,WR,Cooper Kupp,486,18882,SEA,13,MIN,0.0,0.0,0.0,0.0,0.0,3,24.0,0.0,0,0.0,0.0,0,2.4,,,,,,,,,,,,,,0.0,0.0,2.0,2.0,0.0,0.0,0.0,0,-0.0,,,,0,0,0.0,,0.0,0.0,0.0,,
,,0.0,WR,Dante Pettis,943,19854,NO,13,MIA,0.0,0.0,0.0,0.0,0.0,0,0.0,0.0,0,0.0,0.0,0,0.0,,,,,,,,,,,,,,0.0,0.0,0.0,0.0,0.0,0.0,0.0,0,-0.0,,,,0,0,0.0,,0.0,0.0,0.0,,
,,2.0,WR,Darnell Mooney,478,21961,ATL,13,NYJ,0.0,0.0,0.0,0.0,0.0,2,25.0,0.0,0,0.0,0.0,0,2.5,,,,,,,,,,,,,,0.0,0.0,2.0,2.0,0.0,0.0,0.0,0,-0.0,,,,0,0,0.0,,0.0,0.0,0.0,,
,,17.0,WR,Davante Adams,31,16470,LAR,13,CAR,0.0,0.0,0.0,0.0,0.0,4,58.0,2.0,0,0.0,0.0,0,17.8,,,,,,,,,,,,,,0.0,0.0,5.0,5.0,12.0,0.0,0.0,0,-0.0,,,,0,0,0.0,,0.0,0.0,0.0,,
,,7.0,WR,David Sills V,180,20939,ATL,13,NYJ,0.0,0.0,0.0,0.0,0.0,2,15.0,1.0,0,0.0,0.0,0,7.5,,,,,,,,,,,,,,0.0,0.0,1.0,1.0,6.0,0.0,0.0,0,-0.0,,,,0,0,0.0,,0.0,0.0,0.0,,
,,0.0,WR,Demarcus Robinson,672,18047,SF,13,CLE,0.0,0.0,0.0,6.0,0.0,0,0.0,0.0,0,0.0,0.0,0,0.6,,,,,,,,,,,,,,0.0,0.0,0.0,0.0,0.0,0.0,0.0,0,-0.0,,,,0,0,0.0,,0.0,0.0,0.0,,
,,0.0,WR,Derius Davis,901,24121,LAC,13,LV,0.0,0.0,0.0,0.0,0.0,0,0.0,0.0,0,0.0,0.0,0,0.0,,,,,,,,,,,,,,0.0,0.0,0.0,0.0,0.0,0.0,0.0,0,-0.0,,,,0,0,0.0,,0.0,0.0,0.0,,
,,15.0,WR,Devaughn Vele,44,25198,NO,13,MIA,0.0,0.0,0.0,0.0,0.0,8,93.0,1.0,0,0.0,0.0,0,15.3,,,,,,,,,,,,,,0.0,0.0,9.0,9.0,6.0,0.0,0.0,0,-0.0,,,,0,0,0.0,,0.0,0.0,0.0,,
,,2.0,WR,Deven Thompkins,445,23746,ATL,13,NYJ,0.0,0.0,0.0,5.0,0.0,2,23.0,0.0,0,0.0,0.0,0,2.8,,,,,,,,,,,,,,0.0,0.0,2.0,2.0,0.0,0.0,0.0,0,-0.0,,,,0,0,0.0,,0.0,0.0,0.0,,
,,3.0,WR,DK Metcalf,401,20875,PIT,13,BUF,0.0,0.0,0.0,0.0,0.0,3,32.0,0.0,0,0.0,0.0,0,3.2,,,,,,,,,,,,,,0.0,0.0,3.0,3.0,0.0,0.0,0.0,0,-0.0,,,,0,0,0.0,,0.0,0.0,0.0,,
,,1.0,WR,Dont'e Thornton Jr.,600,26102,LV,13,LAC,0.0,0.0,0.0,0.0,0.0,1,11.0,0.0,0,0.0,0.0,0,1.1,,,,,,,,,,,,,,0.0,0.0,1.0,1.0,0.0,0.0,0.0,0,-0.0,,,,0,0,0.0,,0.0,0.0,0.0,,
,,0.0,WR,Dylan Drummond,770,24875,ATL,13,NYJ,0.0,0.0,0.0,0.0,0.0,1,3.0,0.0,0,0.0,0.0,0,0.3,,,,,,,,,,,,,,0.0,0.0,0.0,0.0,0.0,0.0,0.0,0,-0.0,,,,0,0,0.0,,0.0,0.0,0.0,,
,,0.0,WR,Elic Ayomanor,739,25964,TEN,13,JAX,0.0,0.0,0.0,0.0,0.0,1,5.0,0.0,0,0.0,0.0,0,0.5,,,,,,,,,,,,,,0.0,0.0,0.0,0.0,0.0,0.0,0.0,0,-0.0,,,,0,0,0.0,,0.0,0.0,0.0,,
,,4.0,WR,Emeka Egbuka,323,26092,TB,13,ARI,0.0,0.0,0.0,0.0,0.0,4,42.0,0.0,0,0.0,0.0,0,4.2,,,,,,,,,,,,,,0.0,0.0,4.0,4.0,0.0,0.0,0.0,0,-0.0,,,,0,0,0.0,,0.0,0.0,0.0,,
,,1,WR,Gabe Davis,752,21735,BUF,13,PIT,0.0,0.0,0.0,0.0,0.0,1,5.0,0.0,0,0.0,0.0,0,0.5,,,,,,,,,,,,,,0.0,0.0,0.0,0.0,0.0,0.0,0.0,0,-0.0,,,,0,0,0.0,,0.0,0.0,0.0,,
,,0,WR,Gage Larvadain,772,26422,CLE,13,SF,0.0,0.0,0.0,0.0,0.0,2,23.0,0.0,0,0.0,0.0,0,0.3,,,,,,,,,,,,,,0.0,0.0,2.0,2.0,0.0,0.0,0.0,0,-0.0,,,,0,0,0.0,,0.0,0.0,0.0,,
,,1.0,WR,Greg Dortch,588,21071,ARI,13,TB,0.0,0.0,0.0,0.0,0.0,2,14.0,0.0,0,0.0,0.0,0,1.4,,,,,,,,,,,,,,0.0,0.0,1.0,1.0,0.0,0.0,0.0,0,-0.0,,,,0,0,0.0,,0.0,0.0,0.0,,
,,2.0,WR,Isaiah Bond,452,26034,CLE,13,SF,0.0,0.0,0.0,9.0,0.0,1,18.0,0.0,0,0.0,0.0,0,2.7,,,,,,,,,,,,,,0.0,0.0,1.0,2.0,0.0,0.0,0.0,0,-0.0,,,,0,0,0.0,,0.0,0.0,0.0,,
,,0.0,WR,Isaiah Williams,908,25205,NYJ,13,ATL,0.0,0.0,0.0,0.0,0.0,0,0.0,0.0,0,0.0,0.0,0,0.0,,,,,,,,,,,,,,0.0,0.0,0.0,0.0,0.0,0.0,0.0,0,-0.0,,,,0,0,0.0,,0.0,0.0,0.0,,
,,2.0,WR,Jack Bech,493,25894,LV,13,LAC,0.0,0.0,0.0,0.0,0.0,2,22.0,0.0,0,0.0,0.0,0,2.2,,,,,,,,,,,,,,0.0,0.0,2.0,2.0,0.0,0.0,0.0,0,-0.0,,,,0,0,0.0,,0.0,0.0,0.0,,
,,15.0,WR,Jakobi Meyers,43,20876,JAX,13,TEN,0.0,0.0,0.0,3.0,0.0,6,90.0,1.0,0,0.0,0.0,0,15.3,,,,,,,,,,,,,,0.0,0.0,9.0,9.0,6.0,0.0,0.0,0,-0.0,,,,0,0,0.0,,0.0,0.0,0.0,,
,,13.0,WR,Jalen Coker,59,25122,CAR,13,LAR,0.0,0.0,0.0,0.0,0.0,4,74.0,1.0,0,0.0,0.0,0,13.4,,,,,,,,,,,,,,0.0,0.0,7.0,7.0,6.0,0.0,0.0,0,-0.0,,,,0,0,0.0,,0.0,0.0,0.0,,
,,2,WR,Jalen Nailor,866,23368,MIN,13,SEA,0.0,0.0,0.0,0.0,0.0,0,0.0,0.0,0,0.0,1.0,1,0.0,,,,,,,,,,,,,,0.0,0.0,0.0,0.0,0.0,0.0,0.0,0,-0.0,,,,0,0,0.0,,4.0,1.0,2.0,,
,,0.0,WR,Jamal Agnew,1032,19044,ATL,13,NYJ,0.0,0.0,0.0,0.0,0.0,0,0.0,0.0,0,0.0,0.0,0,-2.0,,,,,,,,,,,,,,0.0,0.0,0.0,0.0,0.0,0.0,0.0,0,-0.0,,,,0,0,0.0,,0.0,0.0,0.0,,
,,1.0,WR,James Proche II,594,21723,TEN,13,JAX,0.0,0.0,0.0,0.0,0.0,1,13.0,0.0,0,0.0,0.0,0,1.3,,,,,,,,,,,,,,0.0,0.0,1.0,1.0,0.0,0.0,0.0,0,-0.0,,,,0,0,0.0,,0.0,0.0,0.0,,
,,9.0,WR,Jauan Jennings,112,21717,SF,13,CLE,0.0,0.0,0.0,0.0,0.0,4,39.0,1.0,0,0.0,0.0,0,9.9,,,,,,,,,,,,,,0.0,0.0,3.0,3.0,6.0,0.0,0.0,0,-0.0,,,,0,0,0.0,,0.0,0.0,0.0,,
,,2.0,WR,Jaxon Smith-Njigba,489,23157,SEA,13,MIN,0.0,0.0,0.0,0.0,0.0,2,23.0,0.0,0,0.0,0.0,0,2.3,,,,,,,,,,,,,,0.0,0.0,2.0,2.0,0.0,0.0,0.0,0,-0.0,,,,0,0,0.0,,0.0,0.0,0.0,,
,,6.0,WR,Jayden Higgins,223,26094,HOU,13,IND,0.0,0.0,0.0,0.0,0.0,5,65.0,0.0,0,0.0,0.0,0,6.5,,,,,,,,,,,,,,0.0,0.0,6.0,6.0,0.0,0.0,0.0,0,-0.0,,,,0,0,0.0,,0.0,0.0,0.0,,
,,4.0,WR,Jaylen Waddle,351,22598,MIA,13,NO,0.0,0.0,0.0,0.0,0.0,3,40.0,0.0,0,0.0,0.0,0,4.0,,,,,,,,,,,,,,0.0,0.0,4.0,4.0,0.0,0.0,0.0,0,-0.0,,,,0,0,0.0,,0.0,0.0,0.0,,
,,0.0,WR,Jaylin Noel,926,25914,HOU,13,IND,0.0,0.0,0.0,0.0,0.0,0,0.0,0.0,0,0.0,0.0,0,0.0,,,,,,,,,,,,,,0.0,0.0,0.0,0.0,0.0,0.0,0.0,0,-0.0,,,,0,0,0.0,,0.0,0.0,0.0,,
,,2.0,WR,Jerry Jeudy,455,21692,CLE,13,SF,0.0,0.0,0.0,0.0,0.0,3,26.0,0.0,0,0.0,0.0,0,2.6,,,,,,,,,,,,,,0.0,0.0,2.0,2.0,0.0,0.0,0.0,0,-0.0,,,,0,0,0.0,,0.0,0.0,0.0,,
,,1.0,WR,John Metchie III,546,23160,NYJ,13,ATL,0.0,0.0,0.0,-2.0,0.0,4,19.0,0.0,0,0.0,0.0,0,1.7,,,,,,,,,,,,,,0.0,-1.0,1.0,1.0,0.0,0.0,0.0,0,-0.0,,,,0,0,0.0,,0.0,0.0,0.0,,
,,3.0,WR,Jordan Addison,366,23162,MIN,13,SEA,0.0,0.0,0.0,0.0,0.0,5,36.0,0.0,0,0.0,0.0,0,3.6,,,,,,,,,,,,,,0.0,0.0,3.0,3.0,0.0,0.0,0.0,0,-0.0,,,,0,0,0.0,,0.0,0.0,0.0,,
,,0.0,WR,Jordan Whittington,809,25201,LAR,13,CAR,0.0,0.0,0.0,0.0,0.0,0,0.0,0.0,0,0.0,0.0,0,0.0,,,,,,,,,,,,,,0.0,0.0,0.0,0.0,0.0,0.0,0.0,0,-0.0,,,,0,0,0.0,,0.0,0.0,0.0,,
,,4.0,WR,Josh Downs,321,24145,IND,13,HOU,0.0,0.0,0.0,0.0,0.0,2,44.0,0.0,0,0.0,0.0,0,4.4,,,,,,,,,,,,,,0.0,0.0,4.0,4.0,0.0,0.0,0.0,0,-0.0,,,,0,0,0.0,,0.0,0.0,0.0,,
,,1,WR,Justin Jefferson,767,21685,MIN,13,SEA,0.0,0.0,0.0,0.0,0.0,2,4.0,0.0,0,0.0,0.0,0,0.4,,,,,,,,,,,,,,0.0,0.0,0.0,0.0,0.0,0.0,0.0,0,-0.0,,,,0,0,0.0,,0.0,0.0,0.0,,
,,0.0,WR,Kameron Johnson,917,25642,TB,13,ARI,0.0,0.0,0.0,0.0,0.0,0,0.0,0.0,0,0.0,0.0,0,0.0,,,,,,,,,,,,,,0.0,0.0,0.0,0.0,0.0,0.0,0.0,0,-0.0,,,,0,0,0.0,,0.0,0.0,0.0,,
,,3.0,WR,Keenan Allen,436,15076,LAC,13,LV,0.0,0.0,0.0,0.0,0.0,4,30.0,0.0,0,0.0,0.0,0,3.0,,,,,,,,,,,,,,0.0,0.0,3.0,3.0,0.0,0.0,0.0,0,-0.0,,,,0,0,0.0,,0.0,0.0,0.0,,
,,0.0,WR,Kendrick Bourne,849,19318,SF,13,CLE,0.0,0.0,0.0,0.0,0.0,0,0.0,0.0,0,0.0,0.0,0,0.0,,,,,,,,,,,,,,0.0,0.0,0.0,0.0,0.0,0.0,0.0,0,-0.0,,,,0,0,0.0,,0.0,0.0,0.0,,
,,6.0,WR,Keon Coleman,212,24964,BUF,13,PIT,0.0,0.0,0.0,0.0,0.0,2,9.0,1.0,0,0.0,0.0,0,6.9,,,,,,,,,,,,,,0.0,0.0,0.0,0.0,6.0,0.0,0.0,0,-0.0,,,,0,0,0.0,,0.0,0.0,0.0,,
,,0.0,WR,Ke'Shawn Williams,887,26394,PIT,13,BUF,0.0,0.0,0.0,0.0,0.0,0,0.0,0.0,0,0.0,0.0,0,0.0,,,,,,,,,,,,,,0.0,0.0,0.0,0.0,0.0,0.0,0.0,0,-0.0,,,,0,0,0.0,,0.0,0.0,0.0,,
,,0.0,WR,Khalil Shakir,750,23227,BUF,13,PIT,0.0,0.0,0.0,0.0,0.0,1,5.0,0.0,0,0.0,0.0,0,0.5,,,,,,,,,,,,,,0.0,0.0,0.0,0.0,0.0,0.0,0.0,0,-0.0,,,,0,0,0.0,,0.0,0.0,0.0,,
,,0.0,WR,Konata Mumpfield,808,25001,LAR,13,CAR,0.0,0.0,0.0,0.0,0.0,0,0.0,0.0,0,0.0,0.0,0,0.0,,,,,,,,,,,,,,0.0,0.0,0.0,0.0,0.0,0.0,0.0,0,-0.0,,,,0,0,0.0,,0.0,0.0,0.0,,
,,9.0,WR,Ladd McConkey,114,25097,LAC,13,LV,0.0,0.0,0.0,0.0,0.0,4,39.0,1.0,0,0.0,0.0,0,9.9,,,,,,,,,,,,,,0.0,0.0,3.0,3.0,6.0,0.0,0.0,0,-0.0,,,,0,0,0.0,,0.0,0.0,0.0,,
,,0.0,WR,Laquon Treadwell,921,17914,IND,13,HOU,0.0,0.0,0.0,0.0,0.0,0,0.0,0.0,0,0.0,0.0,0,0.0,,,,,,,,,,,,,,0.0,0.0,0.0,0.0,0.0,0.0,0.0,0,-0.0,,,,0,0,0.0,,0.0,0.0,0.0,,
,,0.0,WR,Malachi Corley,666,24979,CLE,13,SF,0.0,0.0,0.0,9.0,0.0,0,0.0,0.0,0,0.0,0.0,0,0.9,,,,,,,,,,,,,,0.0,0.0,0.0,0.0,0.0,0.0,0.0,0,-0.0,,,,0,0,0.0,,0.0,0.0,0.0,,
,,3.0,WR,Malik Washington,423,25103,MIA,13,NO,0.0,0.0,0.0,0.0,0.0,4,30.0,0.0,0,0.0,0.0,0,3.0,,,,,,,,,,,,,,0.0,0.0,3.0,3.0,0.0,0.0,0.0,0,-0.0,,,,0,0,0.0,,0.0,0.0,0.0,,
,,6.0,WR,Marvin Harrison Jr.,208,24974,ARI,13,TB,0.0,0.0,0.0,0.0,0.0,6,69.0,0.0,0,0.0,0.0,0,6.9,,,,,,,,,,,,,,0.0,0.0,6.0,6.0,0.0,0.0,0.0,0,-0.0,,,,0,0,0.0,,0.0,0.0,0.0,,
,,1.0,WR,Mason Tipton,541,25409,NO,13,MIA,0.0,0.0,0.0,-1.0,0.0,3,20.0,0.0,0,0.0,0.0,0,1.9,,,,,,,,,,,,,,0.0,-1.0,2.0,1.0,0.0,0.0,0.0,0,-0.0,,,,0,0,0.0,,0.0,0.0,0.0,,
,,1.0,WR,Michael Pittman Jr.,592,21744,IND,13,HOU,0.0,0.0,0.0,0.0,0.0,1,13.0,0.0,0,0.0,0.0,0,1.3,,,,,,,,,,,,,,0.0,0.0,1.0,1.0,0.0,0.0,0.0,0,-0.0,,,,0,0,0.0,,0.0,0.0,0.0,,
,,3.0,WR,Michael Wilson,367,24173,ARI,13,TB,0.0,0.0,0.0,0.0,0.0,3,36.0,0.0,0,0.0,0.0,0,3.6,,,,,,,,,,,,,,0.0,0.0,3.0,3.0,0.0,0.0,0.0,0,-0.0,,,,0,0,0.0,,0.0,0.0,0.0,,
,,0.0,WR,Myles Price,870,26430,MIN,13,SEA,0.0,0.0,0.0,0.0,0.0,0,0.0,0.0,0,0.0,0.0,0,0.0,,,,,,,,,,,,,,0.0,0.0,0.0,0.0,0.0,0.0,0.0,0,-0.0,,,,0,0,0.0,,0.0,0.0,0.0,,
,,0.0,WR,Nick Westbrook-Ikhine,951,21734,MIA,13,NO,0.0,0.0,0.0,0.0,0.0,0,0.0,0.0,0,0.0,0.0,0,0.0,,,,,,,,,,,,,,0.0,0.0,0.0,0.0,0.0,0.0,0.0,0,-0.0,,,,0,0,0.0,,0.0,0.0,0.0,,
,,16.0,WR,Nico Collins,36,21756,HOU,13,IND,0.0,0.0,0.0,7.0,1.0,5,98.0,0.0,0,0.0,0.0,0,16.5,,,,,,,,,,,,,,0.0,0.0,9.0,10.0,0.0,0.0,6.0,0,-0.0,,,,0,0,0.0,,0.0,0.0,0.0,,
,,2.0,WR,Parker Washington,456,24143,JAX,13,TEN,0.0,0.0,0.0,0.0,0.0,1,26.0,0.0,0,0.0,0.0,0,2.6,,,,,,,,,,,,,,0.0,0.0,2.0,2.0,0.0,0.0,0.0,0,-0.0,,,,0,0,0.0,,0.0,0.0,0.0,,
,,7.0,WR,Puka Nacua,189,24172,LAR,13,CAR,0.0,0.0,0.0,0.0,0.0,6,72.0,0.0,0,0.0,0.0,0,7.2,,,,,,,,,,,,,,0.0,0.0,7.0,7.0,0.0,0.0,0.0,0,-0.0,,,,0,0,0.0,,0.0,0.0,0.0,,
,,8.0,WR,Quentin Johnston,143,24226,LAC,13,LV,0.0,0.0,0.0,0.0,0.0,3,23.0,1.0,0,0.0,0.0,0,8.3,,,,,,,,,,,,,,0.0,0.0,2.0,2.0,6.0,0.0,0.0,0,-0.0,,,,0,0,0.0,,0.0,0.0,0.0,,
,,1.0,WR,Rashid Shaheed,551,23729,SEA,13,MIN,0.0,0.0,0.0,9.0,0.0,1,7.0,0.0,0,0.0,0.0,0,1.6,,,,,,,,,,,,,,0.0,0.0,0.0,1.0,0.0,0.0,0.0,0,-0.0,,,,0,0,0.0,,0.0,0.0,0.0,,
,,1.0,WR,Ricky Pearsall,587,24982,SF,13,CLE,0.0,0.0,0.0,0.0,0.0,2,14.0,0.0,0,0.0,0.0,0,1.4,,,,,,,,,,,,,,0.0,0.0,1.0,1.0,0.0,0.0,0.0,0,-0.0,,,,0,0,0.0,,0.0,0.0,0.0,,
,,0.0,WR,Roman Wilson,888,25039,PIT,13,BUF,0.0,0.0,0.0,0.0,0.0,0,0.0,0.0,0,0.0,0.0,0,0.0,,,,,,,,,,,,,,0.0,0.0,0.0,0.0,0.0,0.0,0.0,0,-0.0,,,,0,0,0.0,,0.0,0.0,0.0,,
,,0.0,WR,Ryan Miller,924,24471,TB,13,ARI,0.0,0.0,0.0,0.0,0.0,0,0.0,0.0,0,0.0,0.0,0,0.0,,,,,,,,,,,,,,0.0,0.0,0.0,0.0,0.0,0.0,0.0,0,-0.0,,,,0,0,0.0,,0.0,0.0,0.0,,
,,0.0,WR,Skyy Moore,851,23168,SF,13,CLE,0.0,0.0,0.0,0.0,0.0,0,0.0,0.0,0,0.0,0.0,0,0.0,,,,,,,,,,,,,,0.0,0.0,0.0,0.0,0.0,0.0,0.0,0,-0.0,,,,0,0,0.0,,0.0,0.0,0.0,,
,,0.0,WR,Sterling Shepard,687,17961,TB,13,ARI,0.0,0.0,0.0,0.0,0.0,1,5.0,0.0,0,0.0,0.0,0,0.5,,,,,,,,,,,,,,0.0,0.0,0.0,0.0,0.0,0.0,0.0,0,-0.0,,,,0,0,0.0,,0.0,0.0,0.0,,
,,0.0,WR,Tai Felton,869,25924,MIN,13,SEA,0.0,0.0,0.0,0.0,0.0,0,0.0,0.0,0,0.0,0.0,0,0.0,,,,,,,,,,,,,,0.0,0.0,0.0,0.0,0.0,0.0,0.0,0,-0.0,,,,0,0,0.0,,0.0,0.0,0.0,,
,,10.0,WR,Tetairoa McMillan,104,26054,CAR,13,LAR,0.0,0.0,0.0,0.0,0.0,1,43.0,1.0,0,0.0,0.0,0,10.3,,,,,,,,,,,,,,0.0,0.0,4.0,4.0,6.0,0.0,0.0,0,-0.0,,,,0,0,0.0,,0.0,0.0,0.0,,
,,0.0,WR,Tez Johnson,699,25934,TB,13,ARI,0.0,0.0,0.0,0.0,0.0,1,5.0,0.0,0,0.0,0.0,0,0.5,,,,,,,,,,,,,,0.0,0.0,0.0,0.0,0.0,0.0,0.0,0,-0.0,,,,0,0,0.0,,0.0,0.0,0.0,,
,,1.0,WR,Tim Patrick,599,19207,JAX,13,TEN,0.0,0.0,0.0,0.0,0.0,1,11.0,0.0,0,0.0,0.0,0,1.1,,,,,,,,,,,,,,0.0,0.0,1.0,1.0,0.0,0.0,0.0,0,-0.0,,,,0,0,0.0,,0.0,0.0,0.0,,
,,3.0,WR,Tre' Harris,404,25925,LAC,13,LV,0.0,0.0,0.0,0.0,0.0,3,30.0,0.0,0,0.0,0.0,0,3.0,,,,,,,,,,,,,,0.0,0.0,3.0,3.0,0.0,0.0,0.0,0,-0.0,,,,0,0,0.0,,0.0,0.0,0.0,,
,,2.0,WR,Tre Tucker,529,24177,LV,13,LAC,0.0,0.0,0.0,0.0,0.0,3,20.0,0.0,0,0.0,0.0,0,2.0,,,,,,,,,,,,,,0.0,0.0,2.0,2.0,0.0,0.0,0.0,0,-0.0,,,,0,0,0.0,,0.0,0.0,0.0,,
,,1.0,WR,Tyler Lockett,597,16830,LV,13,LAC,0.0,0.0,0.0,0.0,0.0,1,11.0,0.0,0,0.0,0.0,0,1.1,,,,,,,,,,,,,,0.0,0.0,1.0,1.0,0.0,0.0,0.0,0,-0.0,,,,0,0,0.0,,0.0,0.0,0.0,,
,,2.0,WR,Van Jefferson,517,21739,TEN,13,JAX,0.0,0.0,0.0,0.0,0.0,3,20.0,0.0,0,0.0,0.0,0,2.0,,,,,,,,,,,,,,0.0,0.0,2.0,2.0,0.0,0.0,0.0,0,-0.0,,,,0,0,0.0,,0.0,0.0,0.0,,
,,4,WR,Xavier Hutchinson,361,24347,HOU,13,IND,0.0,0.0,0.0,0.0,0.0,2,39.0,0.0,0,0.0,0.0,0,3.9,,,,,,,,,,,,,,0.0,0.0,3.0,3.0,0.0,0.0,0.0,0,-0.0,,,,0,0,0.0,,0.0,0.0,0.0,,
,,0.0,WR,Xavier Legette,775,25003,CAR,13,LAR,0.0,0.0,0.0,0.0,0.0,1,1.0,0.0,0,0.0,0.0,0,0.1,,,,,,,,,,,,,,0.0,0.0,0.0,0.0,0.0,0.0,0.0,0,-0.0,,,,0,0,0.0,,0.0,0.0,0.0,,
,,1.0,WR,Xavier Restrepo,566,25926,TEN,13,JAX,0.0,0.0,0.0,0.0,0.0,1,15.0,0.0,0,0.0,0.0,0,1.5,,,,,,,,,,,,,,0.0,0.0,1.0,1.0,0.0,0.0,0.0,0,-0.0,,,,0,0,0.0,,0.0,0.0,0.0,,
,,8.0,WR,Xavier Smith,145,24743,LAR,13,CAR,0.0,0.0,0.0,0.0,0.0,3,82.0,0.0,0,0.0,0.0,0,8.2,,,,,,,,,,,,,,0.0,0.0,8.0,8.0,0.0,0.0,0.0,0,-0.0,,,,0,0,0.0,,0.0,0.0,0.0,,
,,0.0,WR,Xavier Weaver,912,25032,ARI,13,TB,0.0,0.0,0.0,0.0,0.0,0,0.0,0.0,0,0.0,0.0,0,0.0,,,,,,,,,,,,,,0.0,0.0,0.0,0.0,0.0,0.0,0.0,0,-0.0,,,,0,0,0.0,,0.0,0.0,0.0,,
,,3.0,TE,AJ Barner,363,25106,SEA,13,MIN,0.0,0.0,0.0,2.0,0.0,4,35.0,0.0,0,0.0,0.0,0,3.7,,,,,,,,,,,,,,0.0,0.0,3.0,3.0,0.0,0.0,0.0,0,-0.0,,,,0,0,0.0,,0.0,0.0,0.0,,
,,0.0,TE,Blake Whiteheart,826,24354,CLE,13,SF,0.0,0.0,0.0,0.0,0.0,0,0.0,0.0,0,0.0,0.0,0,0.0,,,,,,,,,,,,,,0.0,0.0,0.0,0.0,0.0,0.0,0.0,0,-0.0,,,,0,0,0.0,,0.0,0.0,0.0,,
,,10.0,TE,Brenton Strange,96,24223,JAX,13,TEN,0.0,0.0,0.0,0.0,0.0,3,45.0,1.0,0,0.0,0.0,0,10.5,,,,,,,,,,,,,,0.0,0.0,4.0,4.0,6.0,0.0,0.0,0,-0.0,,,,0,0,0.0,,0.0,0.0,0.0,,
,,18.0,TE,Brock Bowers,27,24943,LV,13,LAC,0.0,0.0,0.0,0.0,0.0,4,63.0,2.0,0,0.0,0.0,0,18.3,,,,,,,,,,,,,,0.0,0.0,6.0,6.0,12.0,0.0,0.0,0,-0.0,,,,0,0,0.0,,0.0,0.0,0.0,,
,,0.0,TE,Cade Otton,664,23134,TB,13,ARI,0.0,0.0,0.0,0.0,0.0,2,9.0,0.0,0,0.0,0.0,0,0.9,,,,,,,,,,,,,,0.0,0.0,0.0,0.0,0.0,0.0,0.0,0,-0.0,,,,0,0,0.0,,0.0,0.0,0.0,,
,,1.0,TE,Cade Stover,543,24986,HOU,13,IND,0.0,0.0,0.0,3.0,0.0,2,16.0,0.0,0,0.0,0.0,0,1.9,,,,,,,,,,,,,,0.0,0.0,1.0,1.0,0.0,0.0,0.0,0,-0.0,,,,0,0,0.0,,0.0,0.0,0.0,,
,,2.0,TE,Chig Okonkwo,437,23489,TEN,13,JAX,0.0,0.0,0.0,0.0,0.0,4,29.0,0.0,0,0.0,0.0,0,2.9,,,,,,,,,,,,,,0.0,0.0,2.0,2.0,0.0,0.0,0.0,0,-0.0,,,,0,0,0.0,,0.0,0.0,0.0,,
,,2.0,TE,Colby Parkinson,449,21807,LAR,13,CAR,0.0,0.0,0.0,0.0,0.0,4,27.0,0.0,0,0.0,0.0,0,2.7,,,,,,,,,,,,,,0.0,0.0,2.0,2.0,0.0,0.0,0.0,0,-0.0,,,,0,0,0.0,,0.0,0.0,0.0,,
,,5.0,TE,Dalton Schultz,269,19920,HOU,13,IND,0.0,0.0,0.0,0.0,0.0,7,55.0,0.0,0,0.0,0.0,0,5.5,,,,,,,,,,,,,,0.0,0.0,5.0,5.0,0.0,0.0,0.0,0,-0.0,,,,0,0,0.0,,0.0,0.0,0.0,,
,,4.0,TE,Darnell Washington,320,23136,PIT,13,BUF,0.0,0.0,0.0,0.0,0.0,2,45.0,0.0,0,0.0,0.0,0,4.5,,,,,,,,,,,,,,0.0,0.0,4.0,4.0,0.0,0.0,0.0,0,-0.0,,,,0,0,0.0,,0.0,0.0,0.0,,
,,4.0,TE,Darren Waller,291,16964,MIA,13,NO,0.0,0.0,0.0,0.0,0.0,2,47.0,0.0,0,0.0,0.0,0,4.7,,,,,,,,,,,,,,0.0,0.0,4.0,4.0,0.0,0.0,0.0,0,-0.0,,,,0,0,0.0,,0.0,0.0,0.0,,
,,0.0,TE,David Martin-Robinson,876,25647,TEN,13,JAX,0.0,0.0,0.0,0.0,0.0,0,0.0,0.0,0,0.0,0.0,0,0.0,,,,,,,,,,,,,,0.0,0.0,0.0,0.0,0.0,0.0,0.0,0,-0.0,,,,0,0,0.0,,0.0,0.0,0.0,,
,,0.0,TE,David Njoku,764,18876,CLE,13,SF,0.0,0.0,0.0,0.0,0.0,2,4.0,0.0,0,0.0,0.0,0,0.4,,,,,,,,,,,,,,0.0,0.0,0.0,0.0,0.0,0.0,0.0,0,-0.0,,,,0,0,0.0,,0.0,0.0,0.0,,
,,0.0,TE,Davis Allen,765,24148,LAR,13,CAR,0.0,0.0,0.0,0.0,0.0,1,4.0,0.0,0,0.0,0.0,0,0.4,,,,,,,,,,,,,,0.0,0.0,0.0,0.0,0.0,0.0,0.0,0,-0.0,,,,0,0,0.0,,0.0,0.0,0.0,,
,,2.0,TE,Dawson Knox,443,20850,BUF,13,PIT,0.0,0.0,0.0,0.0,0.0,3,28.0,0.0,0,0.0,0.0,0,2.8,,,,,,,,,,,,,,0.0,0.0,2.0,2.0,0.0,0.0,0.0,0,-0.0,,,,0,0,0.0,,0.0,0.0,0.0,,
,,0.0,TE,Devin Culp,925,25144,TB,13,ARI,0.0,0.0,0.0,0.0,0.0,0,0.0,0.0,0,0.0,0.0,0,0.0,,,,,,,,,,,,,,0.0,0.0,0.0,0.0,0.0,0.0,0.0,0,-0.0,,,,0,0,0.0,,0.0,0.0,0.0,,
,,0.0,TE,Drew Ogletree,668,23608,IND,13,HOU,0.0,0.0,0.0,0.0,0.0,1,8.0,0.0,0,0.0,0.0,0,0.8,,,,,,,,,,,,,,0.0,0.0,0.0,0.0,0.0,0.0,0.0,0,-0.0,,,,0,0,0.0,,0.0,0.0,0.0,,
,,0.0,TE,Elijah Arroyo,872,26032,SEA,13,MIN,0.0,0.0,0.0,0.0,0.0,0,0.0,0.0,0,0.0,0.0,0,0.0,,,,,,,,,,,,,,0.0,0.0,0.0,0.0,0.0,0.0,0.0,0,-0.0,,,,0,0,0.0,,0.0,0.0,0.0,,
,,1.0,TE,Elijah Higgins,547,24449,ARI,13,TB,0.0,0.0,0.0,0.0,0.0,2,17.0,0.0,0,0.0,0.0,0,1.7,,,,,,,,,,,,,,0.0,0.0,1.0,1.0,0.0,0.0,0.0,0,-0.0,,,,0,0,0.0,,0.0,0.0,0.0,,
,,1.0,TE,Foster Moreau,593,20884,NO,13,MIA,0.0,0.0,0.0,0.0,0.0,2,13.0,0.0,0,0.0,0.0,0,1.3,,,,,,,,,,,,,,0.0,0.0,1.0,1.0,0.0,0.0,0.0,0,-0.0,,,,0,0,0.0,,0.0,0.0,0.0,,
,,6.0,TE,George Kittle,213,19063,SF,13,CLE,0.0,0.0,0.0,0.0,0.0,4,67.0,0.0,0,0.0,0.0,0,6.7,,,,,,,,,,,,,,0.0,0.0,6.0,6.0,0.0,0.0,0.0,0,-0.0,,,,0,0,0.0,,0.0,0.0,0.0,,
,,2.0,TE,Greg Dulcich,487,23310,MIA,13,NO,0.0,0.0,0.0,0.0,0.0,2,24.0,0.0,0,0.0,0.0,0,2.4,,,,,,,,,,,,,,0.0,0.0,2.0,2.0,0.0,0.0,0.0,0,-0.0,,,,0,0,0.0,,0.0,0.0,0.0,,
,,2.0,TE,Gunnar Helm,488,25962,TEN,13,JAX,0.0,0.0,0.0,0.0,0.0,6,23.0,0.0,0,0.0,0.0,0,2.3,,,,,,,,,,,,,,0.0,0.0,2.0,2.0,0.0,0.0,0.0,0,-0.0,,,,0,0,0.0,,0.0,0.0,0.0,,
,,8,TE,Harold Fannin Jr.,144,25870,CLE,13,SF,0.0,0.0,0.0,0.0,0.0,3,43.0,1.0,0,0.0,0.0,0,8.3,,,,,,,,,,,,,,0.0,0.0,4.0,4.0,6.0,0.0,0.0,0,-0.0,,,,0,0,0.0,,0.0,0.0,0.0,,
,,0.0,TE,Ian Thomas,669,19910,LV,13,LAC,0.0,0.0,0.0,0.0,0.0,1,8.0,0.0,0,0.0,0.0,0,0.8,,,,,,,,,,,,,,0.0,0.0,0.0,0.0,0.0,0.0,0.0,0,-0.0,,,,0,0,0.0,,0.0,0.0,0.0,,
,,1.0,TE,Jackson Hawes,652,25972,BUF,13,PIT,0.0,0.0,0.0,0.0,0.0,1,10.0,0.0,0,0.0,0.0,0,1.0,,,,,,,,,,,,,,0.0,0.0,1.0,1.0,0.0,0.0,0.0,0,-0.0,,,,0,0,0.0,,0.0,0.0,0.0,,
,,1.0,TE,Jeremy Ruckert,595,22521,NYJ,13,ATL,0.0,0.0,0.0,0.0,0.0,2,12.0,0.0,0,0.0,0.0,0,1.2,,,,,,,,,,,,,,0.0,0.0,1.0,1.0,0.0,0.0,0.0,0,-0.0,,,,0,0,0.0,,0.0,0.0,0.0,,
,,0.0,TE,Jonnu Smith,675,18990,PIT,13,BUF,0.0,0.0,0.0,0.0,0.0,1,6.0,0.0,0,0.0,0.0,0,0.6,,,,,,,,,,,,,,0.0,0.0,0.0,0.0,0.0,0.0,0.0,0,-0.0,,,,0,0,0.0,,0.0,0.0,0.0,,
,,0.0,TE,Julian Hill,942,24463,MIA,13,NO,0.0,0.0,0.0,0.0,0.0,0,0.0,0.0,0,0.0,0.0,0,0.0,,,,,,,,,,,,,,0.0,0.0,0.0,0.0,0.0,0.0,0.0,0,-0.0,,,,0,0,0.0,,0.0,0.0,0.0,,
,,3.0,TE,Juwan Johnson,362,21738,NO,13,MIA,0.0,0.0,0.0,0.0,0.0,5,39.0,0.0,0,0.0,0.0,0,3.9,,,,,,,,,,,,,,0.0,0.0,3.0,3.0,0.0,0.0,0.0,0,-0.0,,,,0,0,0.0,,0.0,0.0,0.0,,
,,8.0,TE,Kyle Pitts Sr.,146,22508,ATL,13,NYJ,0.0,0.0,0.0,0.0,0.0,7,82.0,0.0,0,0.0,0.0,0,8.2,,,,,,,,,,,,,,0.0,0.0,8.0,8.0,0.0,0.0,0.0,0,-0.0,,,,0,0,0.0,,0.0,0.0,0.0,,
,,0.0,TE,Luke Farrell,850,21795,SF,13,CLE,0.0,0.0,0.0,0.0,0.0,0,0.0,0.0,0,0.0,0.0,0,0.0,,,,,,,,,,,,,,0.0,0.0,0.0,0.0,0.0,0.0,0.0,0,-0.0,,,,0,0,0.0,,0.0,0.0,0.0,,
,,2.0,TE,Mason Taylor,495,25963,NYJ,13,ATL,0.0,0.0,0.0,0.0,0.0,2,21.0,0.0,0,0.0,0.0,0,2.1,,,,,,,,,,,,,,0.0,0.0,2.0,2.0,0.0,0.0,0.0,0,-0.0,,,,0,0,0.0,,0.0,0.0,0.0,,
,,2.0,TE,Mitchell Evans,521,25875,CAR,13,LAR,0.0,0.0,0.0,0.0,0.0,3,20.0,0.0,0,0.0,0.0,0,2.0,,,,,,,,,,,,,,0.0,0.0,2.0,2.0,0.0,0.0,0.0,0,-0.0,,,,0,0,0.0,,0.0,0.0,0.0,,
,,0.0,TE,Nick Kallerup,873,26275,SEA,13,MIN,0.0,0.0,0.0,0.0,0.0,0,0.0,0.0,0,0.0,0.0,0,0.0,,,,,,,,,,,,,,0.0,0.0,0.0,0.0,0.0,0.0,0.0,0,-0.0,,,,0,0,0.0,,0.0,0.0,0.0,,
,,2.0,TE,Oronde Gadsden,447,25876,LAC,13,LV,0.0,0.0,0.0,0.0,0.0,1,27.0,0.0,0,0.0,0.0,0,2.7,,,,,,,,,,,,,,0.0,0.0,2.0,2.0,0.0,0.0,0.0,0,-0.0,,,,0,0,0.0,,0.0,0.0,0.0,,
,,1.0,TE,Payne Durham,598,24151,TB,13,ARI,0.0,0.0,0.0,0.0,0.0,1,11.0,0.0,0,0.0,0.0,0,1.1,,,,,,,,,,,,,,0.0,0.0,1.0,1.0,0.0,0.0,0.0,0,-0.0,,,,0,0,0.0,,0.0,0.0,0.0,,
,,1.0,TE,Quintin Morris,589,22511,JAX,13,TEN,0.0,0.0,0.0,0.0,0.0,1,14.0,0.0,0,0.0,0.0,0,1.4,,,,,,,,,,,,,,0.0,0.0,1.0,1.0,0.0,0.0,0.0,0,-0.0,,,,0,0,0.0,,0.0,0.0,0.0,,
,,5.0,TE,T.J. Hockenson,257,20805,MIN,13,SEA,0.0,0.0,0.0,0.0,0.0,6,59.0,0.0,0,0.0,0.0,0,5.9,,,,,,,,,,,,,,0.0,0.0,5.0,5.0,0.0,0.0,0.0,0,-0.0,,,,0,0,0.0,,0.0,0.0,0.0,,
,,0.0,TE,Terrance Ferguson,810,25970,LAR,13,CAR,0.0,0.0,0.0,0.0,0.0,0,0.0,0.0,0,0.0,0.0,0,0.0,,,,,,,,,,,,,,0.0,0.0,0.0,0.0,0.0,0.0,0.0,0,-0.0,,,,0,0,0.0,,0.0,0.0,0.0,,
,,0.0,TE,Tommy Tremble,774,22662,CAR,13,LAR,0.0,0.0,0.0,0.0,0.0,1,2.0,0.0,0,0.0,0.0,0,0.2,,,,,,,,,,,,,,0.0,0.0,0.0,0.0,0.0,0.0,0.0,0,-0.0,,,,0,0,0.0,,0.0,0.0,0.0,,
,,14.0,TE,Trey McBride,49,23251,ARI,13,TB,0.0,0.0,0.0,0.0,0.0,8,82.0,1.0,0,0.0,0.0,0,14.2,,,,,,,,,,,,,,0.0,0.0,8.0,8.0,6.0,0.0,0.0,0,-0.0,,,,0,0,0.0,,0.0,0.0,0.0,,
,,8.0,TE,Tyler Warren,147,25874,IND,13,HOU,0.0,0.0,0.0,0.0,0.0,3,22.0,1.0,0,0.0,0.0,0,8.2,,,,,,,,,,,,,,0.0,0.0,2.0,2.0,6.0,0.0,0.0,0,-0.0,,,,0,0,0.0,,0.0,0.0,0.0,,
0.0,,0.0,K,Andre Szmyt,839,24575,CLE,13,SF,0.0,0.0,0.0,0.0,0.0,0,0.0,0.0,0,0.0,0.0,0,0.0,,,,,,,,0.0,0.0,,0.0,0.0,0.0,0.0,0.0,0.0,0.0,0.0,0.0,0.0,0,-0.0,,,,0,0,0.0,,0.0,0.0,0.0,0.0,0.0
6,,0.0,K,Cam Little,280,24960,JAX,13,TEN,0.0,0.0,0.0,0.0,0.0,0,0.0,0.0,0,0.0,0.0,0,5.0,,,,,,,,1.0,1.0,100.0,45.0,2.0,2.0,0.0,0.0,0.0,0.0,0.0,0.0,0.0,0,-0.0,,,,0,0,0.0,,0.0,0.0,0.0,2.0,3.0
10,,0.0,K,Cameron Dicker,131,23567,LAC,13,LV,0.0,0.0,0.0,0.0,0.0,0,0.0,0.0,0,0.0,0.0,0,9.0,,,,,,,,1.0,1.0,100.0,56.0,4.0,4.0,0.0,0.0,0.0,0.0,0.0,0.0,0.0,0,-0.0,,,,0,0,0.0,,0.0,0.0,0.0,4.0,3.0
7,,0.0,K,Chad Ryland,200,24436,ARI,13,TB,0.0,0.0,0.0,0.0,0.0,0,0.0,0.0,0,0.0,0.0,0,7.0,,,,,,,,1.0,2.0,50.0,52.0,2.0,2.0,0.0,0.0,0.0,0.0,0.0,0.0,0.0,0,-0.0,,,,0,0,0.0,,0.0,0.0,0.0,2.0,3.0
5,,0.0,K,Charlie Smyth,277,25315,NO,13,MIA,0.0,0.0,0.0,0.0,0.0,0,0.0,0.0,0,0.0,0.0,0,5.0,,,,,,,,1.0,1.0,100.0,56.0,0.0,0.0,0.0,0.0,0.0,0.0,0.0,0.0,0.0,0,-0.0,,,,0,0,0.0,,0.0,0.0,0.0,0.0,3.0
10,,0.0,K,Chase McLaughlin,110,21542,TB,13,ARI,0.0,0.0,0.0,0.0,0.0,0,0.0,0.0,0,0.0,0.0,0,10.0,,,,,,,,2.0,2.0,100.0,57.0,2.0,2.0,0.0,0.0,0.0,0.0,0.0,0.0,0.0,0,-0.0,,,,0,0,0.0,,0.0,0.0,0.0,2.0,6.0
1.0,,0.0,K,Chris Boswell,650,16191,PIT,13,BUF,0.0,0.0,0.0,0.0,0.0,0,0.0,0.0,0,0.0,0.0,0,1.0,,,,,,,,0.0,0.0,,0.0,1.0,1.0,0.0,0.0,0.0,0.0,0.0,0.0,0.0,0,-0.0,,,,0,0,0.0,,0.0,0.0,0.0,1.0,0.0
2.0,,0.0,K,Daniel Carlson,527,19989,LV,13,LAC,0.0,0.0,0.0,0.0,0.0,0,0.0,0.0,0,0.0,0.0,0,2.0,,,,,,,,0.0,0.0,,0.0,2.0,2.0,0.0,0.0,0.0,0.0,0.0,0.0,0.0,0,-0.0,,,,0,0,0.0,,0.0,0.0,0.0,2.0,0.0
4.0,,0.0,K,Harrison Mevis,345,25119,LAR,13,CAR,0.0,0.0,0.0,0.0,0.0,0,0.0,0.0,0,0.0,0.0,0,4.0,,,,,,,,0.0,0.0,,0.0,4.0,4.0,0.0,0.0,0.0,0.0,0.0,0.0,0.0,0,-0.0,,,,0,0,0.0,,0.0,0.0,0.0,4.0,0.0
19,,0.0,K,Jason Myers,28,17215,SEA,13,MIN,0.0,0.0,0.0,0.0,0.0,0,0.0,0.0,0,0.0,0.0,0,18.0,,,,,,,,4.0,4.0,100.0,56.0,2.0,2.0,0.0,0.0,0.0,0.0,0.0,0.0,0.0,0,-0.0,,,,0,0,0.0,,0.0,0.0,0.0,2.0,12.0
4,,0.0,K,Joey Slye,410,21519,TEN,13,JAX,0.0,0.0,0.0,0.0,0.0,0,0.0,0.0,0,0.0,0.0,0,3.0,,,,,,,,1.0,1.0,100.0,28.0,0.0,0.0,0.0,0.0,0.0,0.0,0.0,0.0,0.0,0,-0.0,,,,0,0,0.0,,0.0,0.0,0.0,0.0,3.0
9,,0.0,K,Ka'imi Fairbairn,149,18215,HOU,13,IND,0.0,0.0,0.0,0.0,0.0,0,0.0,0.0,0,0.0,0.0,0,8.0,,,,,,,,2.0,2.0,100.0,43.0,2.0,2.0,0.0,0.0,0.0,0.0,0.0,0.0,0.0,0,-0.0,,,,0,0,0.0,,0.0,0.0,0.0,2.0,6.0
8.0,,0.0,K,Matt Gay,152,20769,SF,13,CLE,0.0,0.0,0.0,0.0,0.0,0,0.0,0.0,0,0.0,0.0,0,8.0,,,,,,,,2.0,2.0,100.0,31.0,2.0,2.0,0.0,0.0,0.0,0.0,0.0,0.0,0.0,0,-0.0,,,,0,0,0.0,,0.0,0.0,0.0,2.0,6.0
8.0,,0.0,K,Matt Prater,158,549,BUF,13,PIT,0.0,0.0,0.0,0.0,0.0,0,0.0,0.0,0,0.0,0.0,0,8.0,,,,,,,,2.0,2.0,100.0,37.0,2.0,3.0,0.0,0.0,0.0,0.0,0.0,0.0,0.0,0,-0.0,,,,0,0,0.0,,0.0,0.0,0.0,2.0,6.0
5,,0.0,K,Michael Badgley,337,20144,IND,13,HOU,0.0,0.0,0.0,0.0,0.0,0,0.0,0.0,0,0.0,0.0,0,4.0,,,,,,,,1.0,1.0,100.0,42.0,1.0,2.0,0.0,0.0,0.0,0.0,0.0,0.0,0.0,0,-0.0,,,,0,0,0.0,,0.0,0.0,0.0,1.0,3.0
11,,0.0,K,Nick Folk,88,11694,NYJ,13,ATL,0.0,0.0,0.0,0.0,0.0,0,0.0,0.0,0,0.0,0.0,0,11.0,,,,,,,,2.0,3.0,66.7,56.0,3.0,3.0,0.0,0.0,0.0,0.0,0.0,0.0,0.0,0,-0.0,,,,0,0,0.0,,0.0,0.0,0.0,3.0,6.0
15,,0.0,K,Riley Patterson,64,22863,MIA,13,NO,0.0,0.0,0.0,0.0,0.0,0,0.0,0.0,0,0.0,0.0,0,13.0,,,,,,,,4.0,4.0,100.0,48.0,1.0,1.0,0.0,0.0,0.0,0.0,0.0,0.0,0.0,0,-0.0,,,,0,0,0.0,,0.0,0.0,0.0,1.0,12.0
8,,0.0,K,Ryan Fitzgerald,195,26108,CAR,13,LAR,0.0,0.0,0.0,0.0,0.0,0,0.0,0.0,0,0.0,0.0,0,7.0,,,,,,,,1.0,1.0,100.0,33.0,4.0,4.0,0.0,0.0,0.0,0.0,0.0,0.0,0.0,0,-0.0,,,,0,0,0.0,,0.0,0.0,0.0,4.0,3.0
0.0,,0.0,K,Will Reichard,868,25113,MIN,13,SEA,0.0,0.0,0.0,0.0,0.0,0,0.0,0.0,0,0.0,0.0,0,0.0,,,,,,,,0.0,0.0,,0.0,0.0,0.0,0.0,0.0,0.0,0.0,0.0,0.0,0.0,0,-0.0,,,,0,0,0.0,,0.0,0.0,0.0,0.0,0.0
8,,0.0,K,Zane Gonzalez,156,19079,ATL,13,NYJ,0.0,0.0,0.0,0.0,0.0,0,0.0,0.0,0,0.0,0.0,0,8.0,,,,,,,,1.0,2.0,50.0,52.0,3.0,3.0,0.0,0.0,0.0,0.0,0.0,0.0,0.0,0,-0.0,,,,0,0,0.0,,0.0,0.0,0.0,3.0,3.0
,1.0,0.0,DB,Cam Lewis,753,21216,BUF,13,PIT,0.0,0.0,0.0,0.0,0.0,0,0.0,0.0,0,0.0,0.0,0,0.5,0.0,1.0,0.0,0.0,0.0,0.0,0.0,,,,,,,0.0,0.0,0.0,0.0,0.0,0.0,0.0,0,-0.0,1.0,0.0,0.0,0,0,0.0,0.0,0.0,0.0,0.0,,
,2.0,0.0,DB,Deane Leonard,571,23626,LAC,13,LV,0.0,0.0,0.0,0.0,0.0,0,0.0,0.0,0,0.0,0.0,0,1.5,1.0,1.0,0.0,0.0,0.0,0.0,0.0,,,,,,,0.0,0.0,0.0,0.0,0.0,0.0,0.0,0,-0.0,1.0,1.0,0.0,0,0,0.0,0.0,0.0,0.0,0.0,,
,4.0,0.0,DB,Deommodore Lenoir,469,22899,SF,13,CLE,0.0,0.0,0.0,0.0,0.0,0,0.0,0.0,0,0.0,0.0,0,2.5,1.0,3.0,0.0,0.0,0.0,0.0,0.0,,,,,,,0.0,0.0,0.0,0.0,0.0,0.0,0.0,0,-0.0,3.0,1.0,0.0,0,0,0.0,0.0,0.0,0.0,0.0,,
,2.0,0.0,DB,Elijah Campbell,582,20271,MIA,13,NO,0.0,0.0,0.0,0.0,0.0,0,0.0,0.0,0,0.0,0.0,0,1.5,1.0,1.0,0.0,0.0,0.0,0.0,0.0,,,,,,,0.0,0.0,0.0,0.0,0.0,0.0,0.0,0,-0.0,1.0,1.0,0.0,0,0,0.0,0.0,0.0,0.0,0.0,,
,5.0,0.0,DB,Elijah Molden,385,22887,LAC,13,LV,0.0,0.0,0.0,0.0,0.0,0,0.0,0.0,0,0.0,0.0,0,3.5,2.0,3.0,0.0,0.0,0.0,0.0,0.0,,,,,,,0.0,0.0,0.0,0.0,0.0,0.0,0.0,0,-0.0,3.0,2.0,0.0,0,0,0.0,0.0,0.0,0.0,0.0,,
,2.0,0.0,DB,Jordan Hancock,651,26160,BUF,13,PIT,0.0,0.0,0.0,0.0,0.0,0,0.0,0.0,0,0.0,0.0,0,1.0,0.0,2.0,0.0,0.0,0.0,0.0,0.0,,,,,,,0.0,0.0,0.0,0.0,0.0,0.0,0.0,0,-0.0,2.0,0.0,0.0,0,0,0.0,0.0,0.0,0.0,0.0,,
,4.0,0.0,DB,Jordan Howden,384,24413,NO,13,MIA,0.0,0.0,0.0,0.0,0.0,0,0.0,0.0,0,0.0,0.0,0,3.5,1.0,3.0,1.0,0.0,0.0,0.0,0.0,,,,,,,0.0,0.0,0.0,0.0,0.0,0.0,0.0,0,-0.0,3.0,1.0,0.0,0,0,0.0,0.0,0.0,0.0,0.0,,
,10.0,0.0,DB,Malachi Moore,134,24134,NYJ,13,ATL,0.0,0.0,0.0,0.0,0.0,0,0.0,0.0,0,0.0,0.0,0,9.0,6.0,4.0,1.0,0.0,0.0,0.0,0.0,,,,,,,0.0,0.0,0.0,0.0,0.0,0.0,0.0,0,-0.0,4.0,6.0,0.0,0,0,0.0,0.0,0.0,0.0,0.0,,
,6.0,0.0,LB,Alex Highsmith,317,21897,PIT,13,BUF,0.0,0.0,0.0,0.0,0.0,0,0.0,0.0,0,0.0,0.0,0,4.5,3.0,3.0,0.0,0.0,0.0,0.0,0.0,,,,,,,0.0,0.0,0.0,0.0,0.0,0.0,0.0,0,-0.0,3.0,3.0,0.0,0,0,0.0,0.0,0.0,0.0,0.0,,
,1.0,0.0,LB,Austin Ajiake,712,24608,IND,13,HOU,0.0,0.0,0.0,0.0,0.0,0,0.0,0.0,0,0.0,0.0,0,0.5,0.0,1.0,0.0,0.0,0.0,0.0,0.0,,,,,,,0.0,0.0,0.0,0.0,0.0,0.0,0.0,0,-0.0,1.0,0.0,0.0,0,0,0.0,0.0,0.0,0.0,0.0,,
,1.0,0.0,LB,Austin Keys,635,26305,MIN,13,SEA,0.0,0.0,0.0,0.0,0.0,0,0.0,0.0,0,0.0,0.0,0,1.0,1.0,0.0,0.0,0.0,0.0,0.0,0.0,,,,,,,0.0,0.0,0.0,0.0,0.0,0.0,0.0,0,-0.0,0.0,1.0,0.0,0,0,0.0,0.0,0.0,0.0,0.0,,
,8.0,0.0,LB,Azeez Al-Shaair,248,21490,HOU,13,IND,0.0,0.0,0.0,0.0,0.0,0,0.0,0.0,0,0.0,0.0,0,6.0,4.0,4.0,0.0,0.0,0.0,0.0,0.0,,,,,,,0.0,0.0,0.0,0.0,0.0,0.0,0.0,0,-0.0,4.0,4.0,0.0,0,0,0.0,0.0,0.0,0.0,0.0,,
,1.0,0.0,LB,Baylon Spector,749,23545,BUF,13,PIT,0.0,0.0,0.0,0.0,0.0,0,0.0,0.0,0,0.0,0.0,0,0.5,0.0,1.0,0.0,0.0,0.0,0.0,0.0,,,,,,,0.0,0.0,0.0,0.0,0.0,0.0,0.0,0,-0.0,1.0,0.0,0.0,0,0,0.0,0.0,0.0,0.0,0.0,,
,10.0,0.0,LB,Blake Cashman,163,21118,MIN,13,SEA,0.0,0.0,0.0,0.0,0.0,0,0.0,0.0,0,0.0,0.0,0,8.0,5.0,4.0,0.0,0.0,0.0,1.0,0.0,,,,,,,0.0,0.0,0.0,0.0,0.0,0.0,0.0,0,-0.0,4.0,5.0,1.0,0,0,0.0,0.0,0.0,0.0,0.0,,
,6.0,0.0,LB,Boye Mafe,315,23381,SEA,13,MIN,0.0,0.0,0.0,0.0,0.0,0,0.0,0.0,0,0.0,1.0,0,4.5,1.0,1.0,0.0,0.0,0.0,0.0,0.0,,,,,,,0.0,0.0,0.0,0.0,0.0,0.0,0.0,0,-0.0,1.0,1.0,0.0,0,0,0.0,0.0,4.0,0.0,0.0,,
,7.0,0.0,LB,Bradley Chubb,191,19832,MIA,13,NO,0.0,0.0,0.0,0.0,0.0,0,0.0,0.0,1,0.0,0.0,0,7.0,1.0,2.0,1.0,10.0,1.0,0.0,0.0,,,,,,,0.0,0.0,0.0,0.0,0.0,0.0,0.0,0,-0.0,2.0,1.0,0.0,4,0,0.0,0.0,0.0,0.0,0.0,,
,3.0,0.0,LB,Buddy Johnson,502,22861,IND,13,HOU,0.0,0.0,0.0,0.0,0.0,0,0.0,0.0,0,0.0,0.0,0,2.0,1.0,2.0,0.0,0.0,0.0,0.0,0.0,,,,,,,0.0,0.0,0.0,0.0,0.0,0.0,0.0,0,-0.0,2.0,1.0,0.0,0,0,0.0,0.0,0.0,0.0,0.0,,
,1.0,0.0,LB,Caleb Johnson,649,22942,MIA,13,NO,0.0,0.0,0.0,0.0,0.0,0,0.0,0.0,0,0.0,0.0,0,1.0,1.0,0.0,0.0,0.0,0.0,0.0,0.0,,,,,,,0.0,0.0,0.0,0.0,0.0,0.0,0.0,0,-0.0,0.0,1.0,0.0,0,0,0.0,0.0,0.0,0.0,0.0,,
,1.0,0.0,LB,Cameron Goode,660,23619,MIA,13,NO,0.0,0.0,0.0,0.0,0.0,0,0.0,0.0,0,0.0,0.0,0,1.0,0.0,0.0,0.0,0.0,0.0,1.0,0.0,,,,,,,0.0,0.0,0.0,0.0,0.0,0.0,0.0,0,-0.0,0.0,0.0,1.0,0,0,0.0,0.0,0.0,0.0,0.0,,
,10.0,0.0,LB,Carson Schwesinger,117,26027,CLE,13,SF,0.0,0.0,0.0,0.0,0.0,0,0.0,0.0,0,0.0,0.0,0,9.5,5.0,5.0,1.0,0.0,1.0,0.0,0.0,,,,,,,0.0,0.0,0.0,0.0,0.0,0.0,0.0,0,-0.0,5.0,5.0,0.0,0,0,0.0,0.0,0.0,0.0,0.0,,
,9.0,0.0,LB,Cedric Gray,160,25250,TEN,13,JAX,0.0,0.0,0.0,0.0,0.0,0,0.0,0.0,0,0.0,0.0,0,8.0,7.0,2.0,0.0,0.0,0.0,0.0,0.0,,,,,,,0.0,0.0,0.0,0.0,0.0,0.0,0.0,0,-0.0,2.0,7.0,0.0,0,0,0.0,0.0,0.0,0.0,0.0,,
,2.0,0.0,LB,Channing Tindall,559,23445,ARI,13,TB,0.0,0.0,0.0,0.0,0.0,0,0.0,0.0,0,0.0,0.0,0,1.5,1.0,1.0,0.0,0.0,0.0,0.0,0.0,,,,,,,0.0,0.0,0.0,0.0,0.0,0.0,0.0,0,-0.0,1.0,1.0,0.0,0,0,0.0,0.0,0.0,0.0,0.0,,
,13.0,0.0,LB,Chop Robinson,89,24949,MIA,13,NO,0.0,0.0,0.0,0.0,0.0,0,0.0,0.0,2,0.0,0.0,0,10.9,2.0,3.0,1.0,5.0,3.0,0.0,0.0,,,,,,,0.0,0.0,0.0,0.0,0.0,0.0,0.0,0,-0.0,3.0,2.0,0.0,8,0,0.0,0.0,0.0,0.0,0.0,,
,1.0,0.0,LB,Christian Harris,717,23344,HOU,13,IND,0.0,0.0,0.0,0.0,0.0,0,0.0,0.0,0,0.0,0.0,0,0.5,0.0,1.0,0.0,0.0,0.0,0.0,0.0,,,,,,,0.0,0.0,0.0,0.0,0.0,0.0,0.0,0,-0.0,1.0,0.0,0.0,0,0,0.0,0.0,0.0,0.0,0.0,,
,1.0,0.0,LB,Cody Lindenberg,621,26138,LV,13,LAC,0.0,0.0,0.0,0.0,0.0,0,0.0,0.0,0,0.0,0.0,0,1.0,1.0,0.0,0.0,0.0,0.0,0.0,0.0,,,,,,,0.0,0.0,0.0,0.0,0.0,0.0,0.0,0,-0.0,0.0,1.0,0.0,0,0,0.0,0.0,0.0,0.0,0.0,,
,1.0,0.0,LB,Cole Holcomb,746,21120,PIT,13,BUF,0.0,0.0,0.0,0.0,0.0,0,0.0,0.0,0,0.0,0.0,0,0.5,0.0,1.0,0.0,0.0,0.0,0.0,0.0,,,,,,,0.0,0.0,0.0,0.0,0.0,0.0,0.0,0,-0.0,1.0,0.0,0.0,0,0,0.0,0.0,0.0,0.0,0.0,,
,6.0,0.0,LB,Curtis Robinson,296,23003,SF,13,CLE,0.0,0.0,0.0,0.0,0.0,0,0.0,0.0,0,0.0,0.0,0,4.5,3.0,3.0,0.0,0.0,0.0,0.0,0.0,,,,,,,0.0,0.0,0.0,0.0,0.0,0.0,0.0,0,-0.0,3.0,3.0,0.0,0,0,0.0,0.0,0.0,0.0,0.0,,
,7.0,0.0,LB,Daiyan Henley,255,24262,LAC,13,LV,0.0,0.0,0.0,0.0,0.0,0,0.0,0.0,1,0.0,0.0,0,6.0,2.0,1.0,1.0,5.0,1.0,0.0,0.0,,,,,,,0.0,0.0,0.0,0.0,0.0,0.0,0.0,0,-0.0,1.0,2.0,0.0,4,0,0.0,0.0,0.0,0.0,0.0,,
,2.0,0.0,LB,Danny Stutsman,586,26071,NO,13,MIA,0.0,0.0,0.0,0.0,0.0,0,0.0,0.0,0,0.0,0.0,0,1.5,1.0,1.0,0.0,0.0,0.0,0.0,0.0,,,,,,,0.0,0.0,0.0,0.0,0.0,0.0,0.0,0,-0.0,1.0,1.0,0.0,0,0,0.0,0.0,0.0,0.0,0.0,,
,6.0,0.0,LB,Dee Winters,308,24285,SF,13,CLE,0.0,0.0,0.0,0.0,0.0,0,0.0,0.0,0,0.0,0.0,0,4.5,3.0,3.0,0.0,0.0,0.0,0.0,0.0,,,,,,,0.0,0.0,0.0,0.0,0.0,0.0,0.0,0,-0.0,3.0,3.0,0.0,0,0,0.0,0.0,0.0,0.0,0.0,,
,1.0,0.0,LB,Deion Jones,619,17983,TB,13,ARI,0.0,0.0,0.0,0.0,0.0,0,0.0,0.0,0,0.0,0.0,0,1.0,1.0,0.0,0.0,0.0,0.0,0.0,0.0,,,,,,,0.0,0.0,0.0,0.0,0.0,0.0,0.0,0,-0.0,0.0,1.0,0.0,0,0,0.0,0.0,0.0,0.0,0.0,,
,2.0,0.0,LB,Del'Shawn Phillips,570,21306,LAC,13,LV,0.0,0.0,0.0,0.0,0.0,0,0.0,0.0,0,0.0,0.0,0,1.5,1.0,1.0,0.0,0.0,0.0,0.0,0.0,,,,,,,0.0,0.0,0.0,0.0,0.0,0.0,0.0,0,-0.0,1.0,1.0,0.0,0,0,0.0,0.0,0.0,0.0,0.0,,
,9.0,0.0,LB,Demario Davis,197,13810,NO,13,MIA,0.0,0.0,0.0,0.0,0.0,0,0.0,0.0,0,0.0,0.0,0,7.0,5.0,4.0,0.0,0.0,0.0,0.0,0.0,,,,,,,0.0,0.0,0.0,0.0,0.0,0.0,0.0,0,-0.0,4.0,5.0,0.0,0,0,0.0,0.0,0.0,0.0,0.0,,
,7.0,0.0,LB,Denzel Perryman,175,16809,LAC,13,LV,0.0,0.0,0.0,0.0,0.0,0,0.0,0.0,0,0.0,0.0,0,7.5,6.0,1.0,1.0,0.0,0.0,0.0,0.0,,,,,,,0.0,0.0,0.0,0.0,0.0,0.0,0.0,0,-0.0,1.0,6.0,0.0,0,0,0.0,0.0,0.0,0.0,0.0,,
,8.0,0.0,LB,Devin Lloyd,221,23437,JAX,13,TEN,0.0,0.0,0.0,0.0,0.0,0,0.0,0.0,0,0.0,0.0,0,6.5,5.0,3.0,0.0,0.0,0.0,0.0,0.0,,,,,,,0.0,0.0,0.0,0.0,0.0,0.0,0.0,0,-0.0,3.0,5.0,0.0,0,0,0.0,0.0,0.0,0.0,0.0,,
,11.0,0.0,LB,Devin White,165,20981,LV,13,LAC,0.0,0.0,0.0,0.0,0.0,0,0.0,0.0,0,0.0,0.0,0,8.0,5.0,6.0,0.0,0.0,0.0,0.0,0.0,,,,,,,0.0,0.0,0.0,0.0,0.0,0.0,0.0,0,-0.0,6.0,5.0,0.0,0,0,0.0,0.0,0.0,0.0,0.0,,
,2.0,0.0,LB,Dorian Williams,507,24261,BUF,13,PIT,0.0,0.0,0.0,0.0,0.0,0,0.0,0.0,0,0.0,0.0,0,2.0,0.0,2.0,0.0,0.0,1.0,0.0,0.0,,,,,,,0.0,0.0,0.0,0.0,0.0,0.0,0.0,0,-0.0,2.0,0.0,0.0,0,0,0.0,0.0,0.0,0.0,0.0,,
,9.0,0.0,LB,Drake Thomas,169,24224,SEA,13,MIN,0.0,0.0,0.0,0.0,0.0,0,0.0,0.0,1,0.0,0.0,0,7.8,2.0,3.0,1.0,4.0,2.0,0.0,0.0,,,,,,,0.0,0.0,0.0,0.0,0.0,0.0,0.0,0,-0.0,3.0,2.0,0.0,4,0,0.0,0.0,0.0,0.0,0.0,,
,4.0,0.0,LB,E.J. Speed,413,21117,HOU,13,IND,0.0,0.0,0.0,0.0,0.0,0,0.0,0.0,0,0.0,0.0,0,3.0,2.0,2.0,0.0,0.0,0.0,0.0,0.0,,,,,,,0.0,0.0,0.0,0.0,0.0,0.0,0.0,0,-0.0,2.0,2.0,0.0,0,0,0.0,0.0,0.0,0.0,0.0,,
,1.0,0.0,LB,Easton Mascarenas-Arnold,707,26644,CLE,13,SF,0.0,0.0,0.0,0.0,0.0,0,0.0,0.0,0,0.0,0.0,0,0.5,0.0,1.0,0.0,0.0,0.0,0.0,0.0,,,,,,,0.0,0.0,0.0,0.0,0.0,0.0,0.0,0,-0.0,1.0,0.0,0.0,0,0,0.0,0.0,0.0,0.0,0.0,,
,3.0,0.0,LB,Elandon Roberts,480,18130,LV,13,LAC,0.0,0.0,0.0,0.0,0.0,0,0.0,0.0,0,0.0,0.0,0,2.5,0.0,3.0,0.0,0.0,1.0,0.0,0.0,,,,,,,0.0,0.0,0.0,0.0,0.0,0.0,0.0,0,-0.0,3.0,0.0,0.0,0,0,0.0,0.0,0.0,0.0,0.0,,
,15.0,0.0,LB,Eric Wilson,30,19273,MIN,13,SEA,0.0,0.0,0.0,0.0,0.0,0,0.0,0.0,1,0.0,0.0,0,17.8,8.0,3.0,4.0,13.0,1.0,0.0,0.0,,,,,,,0.0,0.0,0.0,0.0,0.0,0.0,0.0,0,-0.0,3.0,8.0,0.0,4,0,0.0,0.0,0.0,0.0,0.0,,
,38.0,0.0,LB,Ernest Jones IV,5,22865,SEA,13,MIN,0.0,0.0,0.0,0.0,0.0,0,0.0,0.0,0,2.0,0.0,0,23.5,7.0,5.0,0.0,0.0,0.0,2.0,1.0,,,,,,,0.0,0.0,0.0,0.0,0.0,0.0,0.0,0,-0.0,5.0,7.0,2.0,0,0,12.0,6.0,0.0,0.0,0.0,,
,6.0,0.0,LB,Foyesade Oluokun,276,20007,JAX,13,TEN,0.0,0.0,0.0,0.0,0.0,0,0.0,0.0,0,0.0,0.0,0,5.5,5.0,1.0,0.0,0.0,0.0,0.0,0.0,,,,,,,0.0,0.0,0.0,0.0,0.0,0.0,0.0,0,-0.0,1.0,5.0,0.0,0,0,0.0,0.0,0.0,0.0,0.0,,
,14.0,0.0,LB,Germaine Pratt,84,20915,IND,13,HOU,0.0,0.0,0.0,0.0,0.0,0,0.0,0.0,0,0.0,1.0,0,11.0,5.0,4.0,0.0,0.0,0.0,1.0,0.0,,,,,,,0.0,0.0,0.0,0.0,0.0,0.0,0.0,0,-0.0,4.0,5.0,1.0,0,0,0.0,0.0,4.0,0.0,0.0,,
,5.0,0.0,LB,Henry To'oTo'o,270,24112,HOU,13,IND,0.0,0.0,0.0,0.0,0.0,0,0.0,0.0,0,0.0,0.0,0,5.5,2.0,3.0,1.0,0.0,1.0,0.0,0.0,,,,,,,0.0,0.0,0.0,0.0,0.0,0.0,0.0,0,-0.0,3.0,2.0,0.0,0,0,0.0,0.0,0.0,0.0,0.0,,
,1.0,0.0,LB,Isaiah Simmons,737,22004,CAR,13,LAR,0.0,0.0,0.0,0.0,0.0,0,0.0,0.0,0,0.0,0.0,0,0.5,0.0,1.0,0.0,0.0,0.0,0.0,0.0,,,,,,,0.0,0.0,0.0,0.0,0.0,0.0,0.0,0,-0.0,1.0,0.0,0.0,0,0,0.0,0.0,0.0,0.0,0.0,,
,2.0,0.0,LB,Isaiah Stalbird,535,25470,NO,13,MIA,0.0,0.0,0.0,0.0,0.0,0,0.0,0.0,0,0.0,0.0,0,2.0,0.0,2.0,0.0,0.0,1.0,0.0,0.0,,,,,,,0.0,0.0,0.0,0.0,0.0,0.0,0.0,0,-0.0,2.0,0.0,0.0,0,0,0.0,0.0,0.0,0.0,0.0,,
,3.0,0.0,LB,Jack Kiser,556,26073,JAX,13,TEN,0.0,0.0,0.0,0.0,0.0,0,0.0,0.0,0,0.0,0.0,0,1.5,0.0,3.0,0.0,0.0,0.0,0.0,0.0,,,,,,,0.0,0.0,0.0,0.0,0.0,0.0,0.0,0,-0.0,3.0,0.0,0.0,0,0,0.0,0.0,0.0,0.0,0.0,,
,1.0,0.0,LB,Jack Sawyer,744,26015,PIT,13,BUF,0.0,0.0,0.0,0.0,0.0,0,0.0,0.0,0,0.0,0.0,0,0.5,0.0,1.0,0.0,0.0,0.0,0.0,0.0,,,,,,,0.0,0.0,0.0,0.0,0.0,0.0,0.0,0,-0.0,1.0,0.0,0.0,0,0,0.0,0.0,0.0,0.0,0.0,,
,1.0,0.0,LB,Jake Hansen,716,23538,HOU,13,IND,0.0,0.0,0.0,0.0,0.0,0,0.0,0.0,0,0.0,0.0,0,0.5,0.0,1.0,0.0,0.0,0.0,0.0,0.0,,,,,,,0.0,0.0,0.0,0.0,0.0,0.0,0.0,0,-0.0,1.0,0.0,0.0,0,0,0.0,0.0,0.0,0.0,0.0,,
,1.0,0.0,LB,Jalen Graham,709,24364,SF,13,CLE,0.0,0.0,0.0,0.0,0.0,0,0.0,0.0,0,0.0,0.0,0,0.5,0.0,1.0,0.0,0.0,0.0,0.0,0.0,,,,,,,0.0,0.0,0.0,0.0,0.0,0.0,0.0,0,-0.0,1.0,0.0,0.0,0,0,0.0,0.0,0.0,0.0,0.0,,
,3.0,0.0,LB,Jamal Adams,395,18923,LV,13,LAC,0.0,0.0,0.0,0.0,0.0,0,0.0,0.0,0,0.0,0.0,0,3.5,2.0,1.0,1.0,0.0,0.0,0.0,0.0,,,,,,,0.0,0.0,0.0,0.0,0.0,0.0,0.0,0,-0.0,1.0,2.0,0.0,0,0,0.0,0.0,0.0,0.0,0.0,,
,5.0,0.0,LB,Jamien Sherwood,375,22804,NYJ,13,ATL,0.0,0.0,0.0,0.0,0.0,0,0.0,0.0,0,0.0,0.0,0,3.5,1.0,3.0,0.0,0.0,0.0,1.0,0.0,,,,,,,0.0,0.0,0.0,0.0,0.0,0.0,0.0,0,-0.0,3.0,1.0,1.0,0,0,0.0,0.0,0.0,0.0,0.0,,
,5.0,0.0,LB,Jermaine Johnson II,333,23382,NYJ,13,ATL,0.0,0.0,0.0,0.0,0.0,0,0.0,0.0,0,0.0,0.0,0,4.0,3.0,2.0,0.0,0.0,0.0,0.0,0.0,,,,,,,0.0,0.0,0.0,0.0,0.0,0.0,0.0,0,-0.0,2.0,3.0,0.0,0,0,0.0,0.0,0.0,0.0,0.0,,
,2.0,0.0,LB,Jerome Baker,574,19882,CLE,13,SF,0.0,0.0,0.0,0.0,0.0,0,0.0,0.0,0,0.0,0.0,0,1.5,1.0,1.0,0.0,0.0,0.0,0.0,0.0,,,,,,,0.0,0.0,0.0,0.0,0.0,0.0,0.0,0,-0.0,1.0,1.0,0.0,0,0,0.0,0.0,0.0,0.0,0.0,,
,3.0,0.0,LB,Joe Andreessen,576,25771,BUF,13,PIT,0.0,0.0,0.0,0.0,0.0,0,0.0,0.0,0,0.0,0.0,0,1.5,0.0,3.0,0.0,0.0,0.0,0.0,0.0,,,,,,,0.0,0.0,0.0,0.0,0.0,0.0,0.0,0,-0.0,3.0,0.0,0.0,0,0,0.0,0.0,0.0,0.0,0.0,,
,0.0,0.0,LB,Jon Rhattigan,904,22956,LV,13,LAC,0.0,0.0,0.0,0.0,0.0,0,0.0,0.0,0,0.0,0.0,0,0.0,0.0,0.0,0.0,0.0,0.0,0.0,0.0,,,,,,,0.0,0.0,0.0,0.0,0.0,0.0,0.0,0,-0.0,0.0,0.0,0.0,0,0,0.0,0.0,0.0,0.0,0.0,,
,12.0,0.0,LB,Jordyn Brooks,109,22005,MIA,13,NO,0.0,0.0,0.0,0.0,0.0,0,0.0,0.0,0,0.0,0.0,0,10.0,6.0,6.0,1.0,0.0,0.0,0.0,0.0,,,,,,,0.0,0.0,0.0,0.0,0.0,0.0,0.0,0,-0.0,6.0,6.0,0.0,0,0,0.0,0.0,0.0,0.0,0.0,,
,1.0,0.0,LB,Kiko Mauigoa,700,26144,NYJ,13,ATL,0.0,0.0,0.0,0.0,0.0,0,0.0,0.0,0,0.0,0.0,0,0.5,0.0,1.0,0.0,0.0,0.0,0.0,0.0,,,,,,,0.0,0.0,0.0,0.0,0.0,0.0,0.0,0,-0.0,1.0,0.0,0.0,0,0,0.0,0.0,0.0,0.0,0.0,,
,1.0,0.0,LB,Kobe King,701,26043,NYJ,13,ATL,0.0,0.0,0.0,0.0,0.0,0,0.0,0.0,0,0.0,0.0,0,0.5,0.0,1.0,0.0,0.0,0.0,0.0,0.0,,,,,,,0.0,0.0,0.0,0.0,0.0,0.0,0.0,0,-0.0,1.0,0.0,0.0,0,0,0.0,0.0,0.0,0.0,0.0,,
,6.0,0.0,LB,Lavonte David,278,14375,TB,13,ARI,0.0,0.0,0.0,0.0,0.0,0,0.0,0.0,0,0.0,0.0,0,5.0,4.0,2.0,0.0,0.0,0.0,0.0,0.0,,,,,,,0.0,0.0,0.0,0.0,0.0,0.0,0.0,0,-0.0,2.0,4.0,0.0,0,0,0.0,0.0,0.0,0.0,0.0,,
,3.0,0.0,LB,Luke Gifford,369,21449,SF,13,CLE,0.0,0.0,0.0,0.0,0.0,0,0.0,0.0,0,0.0,0.0,1,3.5,0.0,1.0,0.0,0.0,0.0,0.0,0.0,,,,,,,0.0,0.0,0.0,0.0,0.0,0.0,0.0,0,-0.0,1.0,0.0,0.0,0,0,0.0,0.0,0.0,1.0,2.0,,
,8.0,0.0,LB,Malik Harrison,206,21996,PIT,13,BUF,0.0,0.0,0.0,0.0,0.0,0,0.0,0.0,0,0.0,0.0,0,7.0,6.0,2.0,0.0,0.0,0.0,0.0,0.0,,,,,,,0.0,0.0,0.0,0.0,0.0,0.0,0.0,0,-0.0,2.0,6.0,0.0,0,0,0.0,0.0,0.0,0.0,0.0,,
,5.0,0.0,LB,Marcelino McCrary-Ball,311,23871,NYJ,13,ATL,0.0,0.0,0.0,0.0,0.0,0,0.0,0.0,0,0.0,0.0,0,4.5,2.0,3.0,1.0,0.0,0.0,0.0,0.0,,,,,,,0.0,0.0,0.0,0.0,0.0,0.0,0.0,0,-0.0,3.0,2.0,0.0,0,0,0.0,0.0,0.0,0.0,0.0,,
,1.0,0.0,LB,Marlowe Wax,680,26393,LAC,13,LV,0.0,0.0,0.0,0.0,0.0,0,0.0,0.0,0,0.0,0.0,0,0.5,0.0,1.0,0.0,0.0,0.0,0.0,0.0,,,,,,,0.0,0.0,0.0,0.0,0.0,0.0,0.0,0,-0.0,1.0,0.0,0.0,0,0,0.0,0.0,0.0,0.0,0.0,,
,3.0,0.0,LB,Matt Milano,396,19037,BUF,13,PIT,0.0,0.0,0.0,0.0,0.0,0,0.0,0.0,0,0.0,0.0,0,3.5,2.0,1.0,1.0,0.0,0.0,0.0,0.0,,,,,,,0.0,0.0,0.0,0.0,0.0,0.0,0.0,0,-0.0,1.0,2.0,0.0,0,0,0.0,0.0,0.0,0.0,0.0,,
,4.0,0.0,LB,Mohamoud Diabate,460,24518,CLE,13,SF,0.0,0.0,0.0,0.0,0.0,0,0.0,0.0,0,0.0,0.0,0,2.5,1.0,3.0,0.0,0.0,0.0,0.0,0.0,,,,,,,0.0,0.0,0.0,0.0,0.0,0.0,0.0,0,-0.0,3.0,1.0,0.0,0,0,0.0,0.0,0.0,0.0,0.0,,
,7.0,0.0,LB,Nick Herbig,182,24201,PIT,13,BUF,0.0,0.0,0.0,0.0,0.0,0,0.0,0.0,0,0.0,1.0,0,7.5,2.0,1.0,2.0,0.0,0.0,0.0,0.0,,,,,,,0.0,0.0,0.0,0.0,0.0,0.0,0.0,0,-0.0,1.0,2.0,0.0,0,0,0.0,0.0,4.0,0.0,0.0,,
,1.0,0.0,LB,Nick Martin,654,26047,SF,13,CLE,0.0,0.0,0.0,0.0,0.0,0,0.0,0.0,0,0.0,0.0,0,1.0,1.0,0.0,0.0,0.0,0.0,0.0,0.0,,,,,,,0.0,0.0,0.0,0.0,0.0,0.0,0.0,0,-0.0,0.0,1.0,0.0,0,0,0.0,0.0,0.0,0.0,0.0,,
,3.0,0.0,LB,Patrick O'Connell,525,24728,SEA,13,MIN,0.0,0.0,0.0,0.0,0.0,0,0.0,0.0,0,0.0,0.0,0,2.0,1.0,2.0,0.0,0.0,0.0,0.0,0.0,,,,,,,0.0,0.0,0.0,0.0,0.0,0.0,0.0,0,-0.0,2.0,1.0,0.0,0,0,0.0,0.0,0.0,0.0,0.0,,
,14.0,0.0,LB,Payton Wilson,120,25035,PIT,13,BUF,0.0,0.0,0.0,0.0,0.0,0,0.0,0.0,0,0.0,0.0,0,9.5,5.0,9.0,0.0,0.0,0.0,0.0,0.0,,,,,,,0.0,0.0,0.0,0.0,0.0,0.0,0.0,0,-0.0,9.0,5.0,0.0,0,0,0.0,0.0,0.0,0.0,0.0,,
,4.0,0.0,LB,Pete Werner,417,22753,NO,13,MIA,0.0,0.0,0.0,0.0,0.0,0,0.0,0.0,0,0.0,0.0,0,3.0,2.0,2.0,0.0,0.0,0.0,0.0,0.0,,,,,,,0.0,0.0,0.0,0.0,0.0,0.0,0.0,0,-0.0,2.0,2.0,0.0,0,0,0.0,0.0,0.0,0.0,0.0,,
,10.0,0.0,LB,Quincy Williams,161,21109,NYJ,13,ATL,0.0,0.0,0.0,0.0,0.0,0,0.0,0.0,0,0.0,0.0,0,8.0,4.0,4.0,0.0,0.0,0.0,2.0,0.0,,,,,,,0.0,0.0,0.0,0.0,0.0,0.0,0.0,0,-0.0,4.0,4.0,2.0,0,0,0.0,0.0,0.0,0.0,0.0,,
,0.0,0.0,LB,Segun Olubi,928,23660,IND,13,HOU,0.0,0.0,0.0,0.0,0.0,0,0.0,0.0,0,0.0,0.0,0,0.0,0.0,0.0,0.0,0.0,0.0,0.0,0.0,,,,,,,0.0,0.0,0.0,0.0,0.0,0.0,0.0,0,-0.0,0.0,0.0,0.0,0,0,0.0,0.0,0.0,0.0,0.0,,
,11.0,0.0,LB,SirVocea Dennis,101,24268,TB,13,ARI,0.0,0.0,0.0,0.0,0.0,0,0.0,0.0,0,0.0,0.0,0,10.5,8.0,3.0,0.0,0.0,1.0,0.0,0.0,,,,,,,0.0,0.0,0.0,0.0,0.0,0.0,0.0,0,-0.0,3.0,8.0,0.0,0,0,0.0,0.0,0.0,0.0,0.0,,
,4.0,0.0,LB,T.J. Watt,497,18916,PIT,13,BUF,0.0,0.0,0.0,0.0,0.0,0,0.0,0.0,0,0.0,0.0,0,2.0,0.0,4.0,0.0,0.0,0.0,0.0,0.0,,,,,,,0.0,0.0,0.0,0.0,0.0,0.0,0.0,0,-0.0,4.0,0.0,0.0,0,0,0.0,0.0,0.0,0.0,0.0,,
,1.0,0.0,LB,Tommy Eichenberg,681,25253,LV,13,LAC,0.0,0.0,0.0,0.0,0.0,0,0.0,0.0,0,0.0,0.0,0,0.5,0.0,1.0,0.0,0.0,0.0,0.0,0.0,,,,,,,0.0,0.0,0.0,0.0,0.0,0.0,0.0,0,-0.0,1.0,0.0,0.0,0,0,0.0,0.0,0.0,0.0,0.0,,
,6.0,0.0,LB,Trevin Wallace,273,24929,CAR,13,LAR,0.0,0.0,0.0,0.0,0.0,0,0.0,0.0,0,0.0,0.0,0,5.5,3.0,3.0,1.0,0.0,0.0,0.0,0.0,,,,,,,0.0,0.0,0.0,0.0,0.0,0.0,0.0,0,-0.0,3.0,3.0,0.0,0,0,0.0,0.0,0.0,0.0,0.0,,
,1.0,0.0,LB,Trevis Gipson,735,21890,CAR,13,LAR,0.0,0.0,0.0,0.0,0.0,0,0.0,0.0,0,0.0,0.0,0,0.5,0.0,1.0,0.0,0.0,0.0,0.0,0.0,,,,,,,0.0,0.0,0.0,0.0,0.0,0.0,0.0,0,-0.0,1.0,0.0,0.0,0,0,0.0,0.0,0.0,0.0,0.0,,
,1.0,0.0,LB,Troy Dye,616,21994,LAC,13,LV,0.0,0.0,0.0,0.0,0.0,0,0.0,0.0,0,0.0,0.0,0,1.0,0.0,0.0,0.0,0.0,0.0,1.0,0.0,,,,,,,0.0,0.0,0.0,0.0,0.0,0.0,0.0,0,-0.0,0.0,0.0,1.0,0,0,0.0,0.0,0.0,0.0,0.0,,
,9.0,0.0,LB,Tyrel Dodson,194,21218,MIA,13,NO,0.0,0.0,0.0,0.0,0.0,0,0.0,0.0,0,0.0,0.0,0,7.0,4.0,4.0,0.0,0.0,0.0,1.0,0.0,,,,,,,0.0,0.0,0.0,0.0,0.0,0.0,0.0,0,-0.0,4.0,4.0,1.0,0,0,0.0,0.0,0.0,0.0,0.0,,
,1.0,0.0,LB,Tyrice Knight,611,25246,SEA,13,MIN,0.0,0.0,0.0,0.0,0.0,0,0.0,0.0,0,0.0,0.0,0,1.0,1.0,0.0,0.0,0.0,0.0,0.0,0.0,,,,,,,0.0,0.0,0.0,0.0,0.0,0.0,0.0,0,-0.0,0.0,1.0,0.0,0,0,0.0,0.0,0.0,0.0,0.0,,
,5.0,0.0,LB,Uchenna Nwosu,440,19859,SEA,13,MIN,0.0,0.0,0.0,0.0,0.0,0,0.0,0.0,1,0.0,0.0,0,2.9,0.0,1.0,0.0,4.0,1.0,0.0,0.0,,,,,,,0.0,0.0,0.0,0.0,0.0,0.0,0.0,0,-0.0,1.0,0.0,0.0,4,0,0.0,0.0,0.0,0.0,0.0,,
,6.0,0.0,LB,Ventrell Miller,295,24269,JAX,13,TEN,0.0,0.0,0.0,0.0,0.0,0,0.0,0.0,0,0.0,1.0,0,4.5,1.0,1.0,0.0,0.0,0.0,0.0,0.0,,,,,,,0.0,0.0,0.0,0.0,0.0,0.0,0.0,0,-0.0,1.0,1.0,0.0,0,0,0.0,0.0,4.0,0.0,0.0,,
,1.0,0.0,LB,Willie Gay Jr.,636,21984,MIA,13,NO,0.0,0.0,0.0,0.0,0.0,0,0.0,0.0,0,0.0,0.0,0,1.0,0.0,0.0,0.0,0.0,0.0,1.0,0.0,,,,,,,0.0,0.0,0.0,0.0,0.0,0.0,0.0,0,-0.0,0.0,0.0,1.0,0,0,0.0,0.0,0.0,0.0,0.0,,
,13.0,0.0,LB,Zaire Franklin,132,20024,IND,13,HOU,0.0,0.0,0.0,0.0,0.0,0,0.0,0.0,0,0.0,0.0,0,9.0,5.0,8.0,0.0,0.0,0.0,0.0,0.0,,,,,,,0.0,0.0,0.0,0.0,0.0,0.0,0.0,0,-0.0,8.0,5.0,0.0,0,0,0.0,0.0,0.0,0.0,0.0,,
,1.0,0.0,DL,Alfred Collins,729,26075,SF,13,CLE,0.0,0.0,0.0,0.0,0.0,0,0.0,0.0,0,0.0,0.0,0,0.5,0.0,1.0,0.0,0.0,0.0,0.0,0.0,,,,,,,0.0,0.0,0.0,0.0,0.0,0.0,0.0,0,-0.0,1.0,0.0,0.0,0,0,0.0,0.0,0.0,0.0,0.0,,
,1.0,0.0,DL,C.J. Brewer,606,23961,TB,13,ARI,0.0,0.0,0.0,0.0,0.0,0,0.0,0.0,0,0.0,0.0,0,1.0,1.0,0.0,0.0,0.0,0.0,0.0,0.0,,,,,,,0.0,0.0,0.0,0.0,0.0,0.0,0.0,0,-0.0,0.0,1.0,0.0,0,0,0.0,0.0,0.0,0.0,0.0,,
,2.0,0.0,DL,CJ West,557,26130,SF,13,CLE,0.0,0.0,0.0,0.0,0.0,0,0.0,0.0,0,0.0,0.0,0,1.5,1.0,1.0,0.0,0.0,0.0,0.0,0.0,,,,,,,0.0,0.0,0.0,0.0,0.0,0.0,0.0,0,-0.0,1.0,1.0,0.0,0,0,0.0,0.0,0.0,0.0,0.0,,
,6.0,0.0,DL,Danny Striggow,300,26425,JAX,13,TEN,0.0,0.0,0.0,0.0,0.0,0,0.0,0.0,0,0.0,0.0,0,4.5,3.0,3.0,0.0,0.0,0.0,0.0,0.0,,,,,,,0.0,0.0,0.0,0.0,0.0,0.0,0.0,0,-0.0,3.0,3.0,0.0,0,0,0.0,0.0,0.0,0.0,0.0,,
,4.0,0.0,DL,Darius Robinson,479,25299,ARI,13,TB,0.0,0.0,0.0,0.0,0.0,0,0.0,0.0,0,0.0,0.0,0,2.5,1.0,3.0,0.0,0.0,0.0,0.0,0.0,,,,,,,0.0,0.0,0.0,0.0,0.0,0.0,0.0,0,-0.0,3.0,1.0,0.0,0,0,0.0,0.0,0.0,0.0,0.0,,
,4.0,0.0,DL,David Onyemata,373,18042,ATL,13,NYJ,0.0,0.0,0.0,0.0,0.0,0,0.0,0.0,0,0.0,0.0,0,3.5,1.0,3.0,1.0,0.0,0.0,0.0,0.0,,,,,,,0.0,0.0,0.0,0.0,0.0,0.0,0.0,0,-0.0,3.0,1.0,0.0,0,0,0.0,0.0,0.0,0.0,0.0,,
,1.0,0.0,DL,Elijah Roberts,697,26178,TB,13,ARI,0.0,0.0,0.0,0.0,0.0,0,0.0,0.0,0,0.0,0.0,0,0.5,0.0,1.0,0.0,0.0,0.0,0.0,0.0,,,,,,,0.0,0.0,0.0,0.0,0.0,0.0,0.0,0,-0.0,1.0,0.0,0.0,0,0,0.0,0.0,0.0,0.0,0.0,,
,1.0,0.0,DL,Emmanuel Ogbah,738,17958,JAX,13,TEN,0.0,0.0,0.0,0.0,0.0,0,0.0,0.0,0,0.0,0.0,0,0.5,0.0,1.0,0.0,0.0,0.0,0.0,0.0,,,,,,,0.0,0.0,0.0,0.0,0.0,0.0,0.0,0,-0.0,1.0,0.0,0.0,0,0,0.0,0.0,0.0,0.0,0.0,,
,3.0,0.0,DL,Eric Watts,461,25267,NYJ,13,ATL,0.0,0.0,0.0,0.0,0.0,0,0.0,0.0,0,0.0,0.0,0,2.5,2.0,1.0,0.0,0.0,0.0,0.0,0.0,,,,,,,0.0,0.0,0.0,0.0,0.0,0.0,0.0,0,-0.0,1.0,2.0,0.0,0,0,0.0,0.0,0.0,0.0,0.0,,
,4.0,0.0,DL,Greg Gaines,353,20764,TB,13,ARI,0.0,0.0,0.0,0.0,0.0,0,0.0,0.0,0,0.0,0.0,0,4.0,2.0,2.0,1.0,0.0,0.0,0.0,0.0,,,,,,,0.0,0.0,0.0,0.0,0.0,0.0,0.0,0,-0.0,2.0,2.0,0.0,0,0,0.0,0.0,0.0,0.0,0.0,,
,2.0,0.0,DL,Harrison Phillips,568,19900,NYJ,13,ATL,0.0,0.0,0.0,0.0,0.0,0,0.0,0.0,0,0.0,0.0,0,1.5,1.0,1.0,0.0,0.0,0.0,0.0,0.0,,,,,,,0.0,0.0,0.0,0.0,0.0,0.0,0.0,0,-0.0,1.0,1.0,0.0,0,0,0.0,0.0,0.0,0.0,0.0,,
,5.0,0.0,DL,Jalen Redmond,260,24281,MIN,13,SEA,0.0,0.0,0.0,0.0,0.0,0,0.0,0.0,0,0.0,0.0,1,5.5,2.0,1.0,0.0,0.0,0.0,0.0,0.0,,,,,,,0.0,0.0,0.0,0.0,0.0,0.0,0.0,0,-0.0,1.0,2.0,0.0,0,0,0.0,0.0,0.0,1.0,2.0,,
,2.0,0.0,DL,James Lynch,516,21894,TEN,13,JAX,0.0,0.0,0.0,0.0,0.0,0,0.0,0.0,0,0.0,0.0,0,2.0,1.0,0.0,0.0,0.0,0.0,1.0,0.0,,,,,,,0.0,0.0,0.0,0.0,0.0,0.0,0.0,0,-0.0,0.0,1.0,1.0,0,0,0.0,0.0,0.0,0.0,0.0,,
,3.0,0.0,DL,Justin Eboigbe,342,25211,LAC,13,LV,0.0,0.0,0.0,0.0,0.0,0,0.0,0.0,0,0.0,0.0,0,4.0,3.0,0.0,1.0,0.0,0.0,0.0,0.0,,,,,,,0.0,0.0,0.0,0.0,0.0,0.0,0.0,0,-0.0,0.0,3.0,0.0,0,0,0.0,0.0,0.0,0.0,0.0,,
,1.0,0.0,DL,Kalia Davis,708,23577,SF,13,CLE,0.0,0.0,0.0,0.0,0.0,0,0.0,0.0,0,0.0,0.0,0,0.5,0.0,1.0,0.0,0.0,0.0,0.0,0.0,,,,,,,0.0,0.0,0.0,0.0,0.0,0.0,0.0,0,-0.0,1.0,0.0,0.0,0,0,0.0,0.0,0.0,0.0,0.0,,
,2.0,0.0,DL,Kentavius Street,603,19952,ATL,13,NYJ,0.0,0.0,0.0,0.0,0.0,0,0.0,0.0,0,0.0,0.0,0,1.0,0.0,2.0,0.0,0.0,0.0,0.0,0.0,,,,,,,0.0,0.0,0.0,0.0,0.0,0.0,0.0,0,-0.0,2.0,0.0,0.0,0,0,0.0,0.0,0.0,0.0,0.0,,
,2.0,0.0,DL,LaCale London,602,22232,ATL,13,NYJ,0.0,0.0,0.0,0.0,0.0,0,0.0,0.0,0,0.0,0.0,0,1.0,0.0,2.0,0.0,0.0,0.0,0.0,0.0,,,,,,,0.0,0.0,0.0,0.0,0.0,0.0,0.0,0,-0.0,2.0,0.0,0.0,0,0,0.0,0.0,0.0,0.0,0.0,,
,1.0,0.0,DL,Levi Drake Rodriguez,663,25348,MIN,13,SEA,0.0,0.0,0.0,0.0,0.0,0,0.0,0.0,0,0.0,0.0,0,1.0,1.0,0.0,0.0,0.0,0.0,0.0,0.0,,,,,,,0.0,0.0,0.0,0.0,0.0,0.0,0.0,0,-0.0,0.0,1.0,0.0,0,0,0.0,0.0,0.0,0.0,0.0,,
,8.0,0.0,DL,Logan Hall,251,23383,TB,13,ARI,0.0,0.0,0.0,0.0,0.0,0,0.0,0.0,0,0.0,1.0,0,6.0,2.0,2.0,0.0,0.0,0.0,0.0,0.0,,,,,,,0.0,0.0,0.0,0.0,0.0,0.0,0.0,0,-0.0,2.0,2.0,0.0,0,0,0.0,0.0,4.0,0.0,0.0,,
,6.0,0.0,DL,Micheal Clemons,232,23393,NYJ,13,ATL,0.0,0.0,0.0,0.0,0.0,0,0.0,0.0,1,0.0,0.0,0,6.4,2.0,0.0,1.0,4.0,1.0,0.0,0.0,,,,,,,0.0,0.0,0.0,0.0,0.0,0.0,0.0,0,-0.0,0.0,2.0,0.0,4,0,0.0,0.0,0.0,0.0,0.0,,
,1.0,0.0,DL,Robert Beal Jr.,710,24394,SF,13,CLE,0.0,0.0,0.0,0.0,0.0,0,0.0,0.0,0,0.0,0.0,0,0.5,0.0,1.0,0.0,0.0,0.0,0.0,0.0,,,,,,,0.0,0.0,0.0,0.0,0.0,0.0,0.0,0,-0.0,1.0,0.0,0.0,0,0,0.0,0.0,0.0,0.0,0.0,,
,1.0,0.0,DL,Tyrion Ingram-Dawkins,726,26051,MIN,13,SEA,0.0,0.0,0.0,0.0,0.0,0,0.0,0.0,0,0.0,0.0,0,0.5,0.0,1.0,0.0,0.0,0.0,0.0,0.0,,,,,,,0.0,0.0,0.0,0.0,0.0,0.0,0.0,0,-0.0,1.0,0.0,0.0,0,0,0.0,0.0,0.0,0.0,0.0,,
,,0.0,C,Zach Frazier,889,24996,PIT,13,BUF,0.0,0.0,0.0,0.0,0.0,0,0.0,0.0,0,0.0,0.0,0,0.0,,,,,,,,,,,,,,0.0,0.0,0.0,0.0,0.0,0.0,0.0,0,-0.0,,,,0,0,0.0,,0.0,0.0,0.0,,
,4.0,0.0,CB,A.J. Terrell Jr.,412,22075,ATL,13,NYJ,0.0,0.0,0.0,0.0,0.0,0,0.0,0.0,0,0.0,0.0,0,3.0,1.0,2.0,0.0,0.0,0.0,1.0,0.0,,,,,,,0.0,0.0,0.0,0.0,0.0,0.0,0.0,0,-0.0,2.0,1.0,1.0,0,0,0.0,0.0,0.0,0.0,0.0,,
,2.0,0.0,CB,Akayleb Evans,620,23419,CAR,13,LAR,0.0,0.0,0.0,0.0,0.0,0,0.0,0.0,0,0.0,0.0,0,1.0,0.0,2.0,0.0,0.0,0.0,0.0,0.0,,,,,,,0.0,0.0,0.0,0.0,0.0,0.0,0.0,0,-0.0,2.0,0.0,0.0,0,0,0.0,0.0,0.0,0.0,0.0,,
,2.0,0.0,CB,Alontae Taylor,534,23431,NO,13,MIA,0.0,0.0,0.0,0.0,0.0,0,0.0,0.0,0,0.0,0.0,0,2.0,2.0,0.0,0.0,0.0,0.0,0.0,0.0,,,,,,,0.0,0.0,0.0,0.0,0.0,0.0,0.0,0,-0.0,0.0,2.0,0.0,0,0,0.0,0.0,0.0,0.0,0.0,,
,1.0,0.0,CB,Ameer Speed,662,24489,HOU,13,IND,0.0,0.0,0.0,0.0,0.0,0,0.0,0.0,0,0.0,0.0,0,1.0,1.0,0.0,0.0,0.0,0.0,0.0,0.0,,,,,,,0.0,0.0,0.0,0.0,0.0,0.0,0.0,0,-0.0,0.0,1.0,0.0,0,0,0.0,0.0,0.0,0.0,0.0,,
,3.0,0.0,CB,Asante Samuel Jr.,511,22807,PIT,13,BUF,0.0,0.0,0.0,0.0,0.0,0,0.0,0.0,0,0.0,0.0,0,2.0,1.0,2.0,0.0,0.0,0.0,0.0,0.0,,,,,,,0.0,0.0,0.0,0.0,0.0,0.0,0.0,0,-0.0,2.0,1.0,0.0,0,0,0.0,0.0,0.0,0.0,0.0,,
,6.0,0.0,CB,Azareye'h Thomas,261,26022,NYJ,13,ATL,0.0,0.0,0.0,0.0,0.0,0,0.0,0.0,0,0.0,0.0,0,5.5,2.0,3.0,1.0,0.0,0.0,1.0,0.0,,,,,,,0.0,0.0,0.0,0.0,0.0,0.0,0.0,0,-0.0,3.0,2.0,1.0,0,0,0.0,0.0,0.0,0.0,0.0,,
,0.0,0.0,CB,Benjamin St-Juste,900,22787,LAC,13,LV,0.0,0.0,0.0,0.0,0.0,0,0.0,0.0,0,0.0,0.0,0,0.0,0.0,0.0,0.0,0.0,0.0,0.0,0.0,,,,,,,0.0,0.0,0.0,0.0,0.0,0.0,0.0,0,-0.0,0.0,0.0,0.0,0,0,0.0,0.0,0.0,0.0,0.0,,
,9.0,0.0,CB,Brandin Echols,263,22808,PIT,13,BUF,0.0,0.0,0.0,0.0,0.0,0,0.0,0.0,0,1.0,0.0,0,5.5,0.0,1.0,0.0,0.0,0.0,2.0,0.0,,,,,,,0.0,0.0,0.0,0.0,0.0,0.0,0.0,0,-0.0,1.0,0.0,2.0,0,0,6.0,0.0,0.0,0.0,0.0,,
,4.0,0.0,CB,Brandon Stephens,411,17691,NYJ,13,ATL,0.0,0.0,0.0,0.0,0.0,0,0.0,0.0,0,0.0,0.0,0,3.0,1.0,2.0,0.0,0.0,0.0,1.0,0.0,,,,,,,0.0,0.0,0.0,0.0,0.0,0.0,0.0,0,-0.0,2.0,1.0,1.0,0,0,0.0,0.0,0.0,0.0,0.0,,
,5.0,0.0,CB,Byron Murphy Jr.,376,20888,MIN,13,SEA,0.0,0.0,0.0,0.0,0.0,0,0.0,0.0,0,0.0,0.0,0,3.5,2.0,3.0,0.0,0.0,0.0,0.0,0.0,,,,,,,0.0,0.0,0.0,0.0,0.0,0.0,0.0,0,-0.0,3.0,2.0,0.0,0,0,0.0,0.0,0.0,0.0,0.0,,
,3.0,0.0,CB,Cam Hart,432,25298,LAC,13,LV,0.0,0.0,0.0,0.0,0.0,0,0.0,0.0,0,0.0,0.0,0,3.0,3.0,0.0,0.0,0.0,0.0,0.0,0.0,,,,,,,0.0,0.0,0.0,0.0,0.0,0.0,0.0,0,-0.0,0.0,3.0,0.0,0,0,0.0,0.0,0.0,0.0,0.0,,
,5.0,0.0,CB,Charvarius Ward,348,20204,IND,13,HOU,0.0,0.0,0.0,0.0,0.0,0,0.0,0.0,0,0.0,0.0,0,4.0,3.0,2.0,0.0,0.0,0.0,0.0,0.0,,,,,,,0.0,0.0,0.0,0.0,0.0,0.0,0.0,0,-0.0,2.0,3.0,0.0,0,0,0.0,0.0,0.0,0.0,0.0,,
,6.0,0.0,CB,Chau Smith-Wade,297,25140,CAR,13,LAR,0.0,0.0,0.0,0.0,0.0,0,0.0,0.0,0,0.0,0.0,0,4.5,3.0,3.0,0.0,0.0,0.0,0.0,0.0,,,,,,,0.0,0.0,0.0,0.0,0.0,0.0,0.0,0,-0.0,3.0,3.0,0.0,0,0,0.0,0.0,0.0,0.0,0.0,,
,1.0,0.0,CB,Chris Lammons,714,20050,IND,13,HOU,0.0,0.0,0.0,0.0,0.0,0,0.0,0.0,0,0.0,0.0,0,0.5,0.0,1.0,0.0,0.0,0.0,0.0,0.0,,,,,,,0.0,0.0,0.0,0.0,0.0,0.0,0.0,0,-0.0,1.0,0.0,0.0,0,0,0.0,0.0,0.0,0.0,0.0,,
,23.0,0.0,CB,Christian Benford,42,23607,BUF,13,PIT,0.0,0.0,0.0,0.0,0.0,0,0.0,0.0,0,1.0,0.0,1,15.5,1.0,1.0,1.0,0.0,0.0,1.0,1.0,,,,,,,0.0,0.0,0.0,0.0,0.0,0.0,0.0,0,-0.0,1.0,1.0,1.0,0,0,6.0,6.0,0.0,1.0,2.0,,
,1.0,0.0,CB,Christian Braswell,512,24483,JAX,13,TEN,0.0,0.0,0.0,0.0,0.0,0,0.0,0.0,0,0.0,0.0,0,2.0,1.0,0.0,1.0,0.0,0.0,0.0,0.0,,,,,,,0.0,0.0,0.0,0.0,0.0,0.0,0.0,0,-0.0,0.0,1.0,0.0,0,0,0.0,0.0,0.0,0.0,0.0,,
,1.0,0.0,CB,Cobee Bryant,631,26134,ATL,13,NYJ,0.0,0.0,0.0,0.0,0.0,0,0.0,0.0,0,0.0,0.0,0,1.0,1.0,0.0,0.0,0.0,0.0,0.0,0.0,,,,,,,0.0,0.0,0.0,0.0,0.0,0.0,0.0,0,-0.0,0.0,1.0,0.0,0,0,0.0,0.0,0.0,0.0,0.0,,
,2.0,0.0,CB,Cobie Durant,572,23552,LAR,13,CAR,0.0,0.0,0.0,0.0,0.0,0,0.0,0.0,0,0.0,0.0,0,1.5,1.0,1.0,0.0,0.0,0.0,0.0,0.0,,,,,,,0.0,0.0,0.0,0.0,0.0,0.0,0.0,0,-0.0,1.0,1.0,0.0,0,0,0.0,0.0,0.0,0.0,0.0,,
,3.0,0.0,CB,Darien Porter,408,26078,LV,13,LAC,0.0,0.0,0.0,0.0,0.0,0,0.0,0.0,0,0.0,0.0,0,3.0,3.0,0.0,0.0,0.0,0.0,0.0,0.0,,,,,,,0.0,0.0,0.0,0.0,0.0,0.0,0.0,0,-0.0,0.0,3.0,0.0,0,0,0.0,0.0,0.0,0.0,0.0,,
,1.0,0.0,CB,Darious Williams,677,20570,LAR,13,CAR,0.0,0.0,0.0,0.0,0.0,0,0.0,0.0,0,0.0,0.0,0,0.5,0.0,1.0,0.0,0.0,0.0,0.0,0.0,,,,,,,0.0,0.0,0.0,0.0,0.0,0.0,0.0,0,-0.0,1.0,0.0,0.0,0,0,0.0,0.0,0.0,0.0,0.0,,
,4.0,0.0,CB,Darrell Baker Jr.,379,23681,TEN,13,JAX,0.0,0.0,0.0,0.0,0.0,0,0.0,0.0,0,0.0,0.0,0,3.5,2.0,1.0,0.0,0.0,0.0,1.0,0.0,,,,,,,0.0,0.0,0.0,0.0,0.0,0.0,0.0,0,-0.0,1.0,2.0,1.0,0,0,0.0,0.0,0.0,0.0,0.0,,
,3.0,0.0,CB,Darrell Luter Jr.,378,24245,SF,13,CLE,0.0,0.0,0.0,0.0,0.0,0,0.0,0.0,0,0.0,0.0,1,3.5,0.0,1.0,0.0,0.0,0.0,0.0,0.0,,,,,,,0.0,0.0,0.0,0.0,0.0,0.0,0.0,0,-0.0,1.0,0.0,0.0,0,0,0.0,0.0,0.0,1.0,2.0,,
,0.0,0.0,CB,Darren Hall,915,22829,ARI,13,TB,0.0,0.0,0.0,0.0,0.0,0,0.0,0.0,0,0.0,0.0,0,0.0,0.0,0.0,0.0,0.0,0.0,0.0,0.0,,,,,,,0.0,0.0,0.0,0.0,0.0,0.0,0.0,0,-0.0,0.0,0.0,0.0,0,0,0.0,0.0,0.0,0.0,0.0,,
,2.0,0.0,CB,Decamerion Richardson,530,25151,LV,13,LAC,0.0,0.0,0.0,0.0,0.0,0,0.0,0.0,0,0.0,0.0,0,2.0,2.0,0.0,0.0,0.0,0.0,0.0,0.0,,,,,,,0.0,0.0,0.0,0.0,0.0,0.0,0.0,0,-0.0,0.0,2.0,0.0,0,0,0.0,0.0,0.0,0.0,0.0,,
,6.0,0.0,CB,Dee Alford,231,23274,ATL,13,NYJ,0.0,0.0,0.0,0.0,0.0,0,0.0,0.0,0,0.0,0.0,0,6.5,4.0,1.0,1.0,0.0,0.0,1.0,0.0,,,,,,,0.0,0.0,0.0,0.0,0.0,0.0,0.0,0,-0.0,1.0,4.0,1.0,0,0,0.0,0.0,0.0,0.0,0.0,,
,2.0,0.0,CB,Denzel Burke,604,25017,ARI,13,TB,0.0,0.0,0.0,0.0,0.0,0,0.0,0.0,0,0.0,0.0,0,1.0,0.0,2.0,0.0,0.0,0.0,0.0,0.0,,,,,,,0.0,0.0,0.0,0.0,0.0,0.0,0.0,0,-0.0,2.0,0.0,0.0,0,0,0.0,0.0,0.0,0.0,0.0,,
,1.0,0.0,CB,Denzel Ward,639,19830,CLE,13,SF,0.0,0.0,0.0,0.0,0.0,0,0.0,0.0,0,0.0,0.0,0,1.0,1.0,0.0,0.0,0.0,0.0,0.0,0.0,,,,,,,0.0,0.0,0.0,0.0,0.0,0.0,0.0,0,-0.0,0.0,1.0,0.0,0,0,0.0,0.0,0.0,0.0,0.0,,
,1.0,0.0,CB,Derek Stingley Jr.,656,23334,HOU,13,IND,0.0,0.0,0.0,0.0,0.0,0,0.0,0.0,0,0.0,0.0,0,1.0,0.0,0.0,0.0,0.0,0.0,1.0,0.0,,,,,,,0.0,0.0,0.0,0.0,0.0,0.0,0.0,0,-0.0,0.0,0.0,1.0,0,0,0.0,0.0,0.0,0.0,0.0,,
,7.0,0.0,CB,Devon Witherspoon,271,24184,SEA,13,MIN,0.0,0.0,0.0,0.0,0.0,0,0.0,0.0,0,0.0,0.0,0,5.5,4.0,3.0,0.0,0.0,0.0,0.0,0.0,,,,,,,0.0,0.0,0.0,0.0,0.0,0.0,0.0,0,-0.0,3.0,4.0,0.0,0,0,0.0,0.0,0.0,0.0,0.0,,
,3.0,0.0,CB,Donte Jackson,481,19870,LAC,13,LV,0.0,0.0,0.0,0.0,0.0,0,0.0,0.0,0,0.0,0.0,0,2.5,1.0,1.0,0.0,0.0,0.0,1.0,0.0,,,,,,,0.0,0.0,0.0,0.0,0.0,0.0,0.0,0,-0.0,1.0,1.0,1.0,0,0,0.0,0.0,0.0,0.0,0.0,,
,2.0,0.0,CB,Emmanuel Forbes Jr.,645,24108,LAR,13,CAR,0.0,0.0,0.0,0.0,0.0,0,0.0,0.0,0,0.0,0.0,0,1.0,0.0,2.0,0.0,0.0,0.0,0.0,0.0,,,,,,,0.0,0.0,0.0,0.0,0.0,0.0,0.0,0,-0.0,2.0,0.0,0.0,0,0,0.0,0.0,0.0,0.0,0.0,,
,1.0,0.0,CB,Eric Stokes,609,22786,LV,13,LAC,0.0,0.0,0.0,0.0,0.0,0,0.0,0.0,0,0.0,0.0,0,1.0,1.0,0.0,0.0,0.0,0.0,0.0,0.0,,,,,,,0.0,0.0,0.0,0.0,0.0,0.0,0.0,0,-0.0,0.0,1.0,0.0,0,0,0.0,0.0,0.0,0.0,0.0,,
,1.0,0.0,CB,Ethan Bonner,722,24642,MIA,13,NO,0.0,0.0,0.0,0.0,0.0,0,0.0,0.0,0,0.0,0.0,0,0.5,0.0,1.0,0.0,0.0,0.0,0.0,0.0,,,,,,,0.0,0.0,0.0,0.0,0.0,0.0,0.0,0,-0.0,1.0,0.0,0.0,0,0,0.0,0.0,0.0,0.0,0.0,,
,3.0,0.0,CB,Fabian Moreau,474,18972,MIN,13,SEA,0.0,0.0,0.0,0.0,0.0,0,0.0,0.0,0,0.0,0.0,0,2.5,1.0,1.0,0.0,0.0,0.0,1.0,0.0,,,,,,,0.0,0.0,0.0,0.0,0.0,0.0,0.0,0,-0.0,1.0,1.0,1.0,0,0,0.0,0.0,0.0,0.0,0.0,,
,4.0,0.0,CB,Garrett Williams,388,24110,ARI,13,TB,0.0,0.0,0.0,0.0,0.0,0,0.0,0.0,0,0.0,0.0,0,3.5,3.0,1.0,0.0,0.0,0.0,0.0,0.0,,,,,,,0.0,0.0,0.0,0.0,0.0,0.0,0.0,0,-0.0,1.0,3.0,0.0,0,0,0.0,0.0,0.0,0.0,0.0,,
,1.0,0.0,CB,Greedy Vance,623,26487,LV,13,LAC,0.0,0.0,0.0,0.0,0.0,0,0.0,0.0,0,0.0,0.0,0,1.0,1.0,0.0,0.0,0.0,0.0,0.0,0.0,,,,,,,0.0,0.0,0.0,0.0,0.0,0.0,0.0,0,-0.0,0.0,1.0,0.0,0,0,0.0,0.0,0.0,0.0,0.0,,
,1.0,0.0,CB,Greg Newsome II,630,22877,JAX,13,TEN,0.0,0.0,0.0,0.0,0.0,0,0.0,0.0,0,0.0,0.0,0,1.0,1.0,0.0,0.0,0.0,0.0,0.0,0.0,,,,,,,0.0,0.0,0.0,0.0,0.0,0.0,0.0,0,-0.0,0.0,1.0,0.0,0,0,0.0,0.0,0.0,0.0,0.0,,
,2.0,0.0,CB,Isaac Yiadom,532,19901,NO,13,MIA,0.0,0.0,0.0,0.0,0.0,0,0.0,0.0,0,0.0,0.0,0,2.0,2.0,0.0,0.0,0.0,0.0,0.0,0.0,,,,,,,0.0,0.0,0.0,0.0,0.0,0.0,0.0,0,-0.0,0.0,2.0,0.0,0,0,0.0,0.0,0.0,0.0,0.0,,
,5.0,0.0,CB,Isaiah Rodgers,298,22139,MIN,13,SEA,0.0,0.0,0.0,0.0,0.0,0,0.0,0.0,0,0.0,0.0,0,4.5,4.0,1.0,0.0,0.0,0.0,0.0,0.0,,,,,,,0.0,0.0,0.0,0.0,0.0,0.0,0.0,0,-0.0,1.0,4.0,0.0,0,0,0.0,0.0,0.0,0.0,0.0,,
,5.0,0.0,CB,Jack Jones,352,23558,MIA,13,NO,0.0,0.0,0.0,0.0,0.0,0,0.0,0.0,0,0.0,0.0,0,4.0,3.0,2.0,0.0,0.0,0.0,0.0,0.0,,,,,,,0.0,0.0,0.0,0.0,0.0,0.0,0.0,0,-0.0,2.0,3.0,0.0,0,0,0.0,0.0,0.0,0.0,0.0,,
,7.0,0.0,CB,Jacob Parrish,227,26035,TB,13,ARI,0.0,0.0,0.0,0.0,0.0,0,0.0,0.0,0,0.0,0.0,0,6.5,6.0,1.0,0.0,0.0,0.0,0.0,0.0,,,,,,,0.0,0.0,0.0,0.0,0.0,0.0,0.0,0,-0.0,1.0,6.0,0.0,0,0,0.0,0.0,0.0,0.0,0.0,,
,9.0,0.0,CB,Jalen Ramsey,177,17919,PIT,13,BUF,0.0,0.0,0.0,0.0,0.0,0,0.0,0.0,0,0.0,0.0,0,7.5,6.0,3.0,0.0,0.0,0.0,0.0,0.0,,,,,,,0.0,0.0,0.0,0.0,0.0,0.0,0.0,0,-0.0,3.0,6.0,0.0,0,0,0.0,0.0,0.0,0.0,0.0,,
,4.0,0.0,CB,Jamel Dean,422,21064,TB,13,ARI,0.0,0.0,0.0,0.0,0.0,0,0.0,0.0,0,0.0,0.0,0,3.0,1.0,2.0,0.0,0.0,0.0,1.0,0.0,,,,,,,0.0,0.0,0.0,0.0,0.0,0.0,0.0,0,-0.0,2.0,1.0,1.0,0,0,0.0,0.0,0.0,0.0,0.0,,
,3.0,0.0,CB,James Pierre,510,22068,PIT,13,BUF,0.0,0.0,0.0,0.0,0.0,0,0.0,0.0,0,0.0,0.0,0,2.0,1.0,2.0,0.0,0.0,0.0,0.0,0.0,,,,,,,0.0,0.0,0.0,0.0,0.0,0.0,0.0,0,-0.0,2.0,1.0,0.0,0,0,0.0,0.0,0.0,0.0,0.0,,
,3.0,0.0,CB,Jarrian Jones,407,25172,JAX,13,TEN,0.0,0.0,0.0,0.0,0.0,0,0.0,0.0,0,0.0,0.0,0,3.0,3.0,0.0,0.0,0.0,0.0,0.0,0.0,,,,,,,0.0,0.0,0.0,0.0,0.0,0.0,0.0,0,-0.0,0.0,3.0,0.0,0,0,0.0,0.0,0.0,0.0,0.0,,
,4.0,0.0,CB,Ja'Sir Taylor,414,23615,NYJ,13,ATL,0.0,0.0,0.0,0.0,0.0,0,0.0,0.0,0,0.0,0.0,0,3.0,1.0,2.0,0.0,0.0,0.0,1.0,0.0,,,,,,,0.0,0.0,0.0,0.0,0.0,0.0,0.0,0,-0.0,2.0,1.0,1.0,0,0,0.0,0.0,0.0,0.0,0.0,,
,2.0,0.0,CB,Jaylon Jones,583,24208,IND,13,HOU,0.0,0.0,0.0,0.0,0.0,0,0.0,0.0,0,0.0,0.0,0,1.5,1.0,1.0,0.0,0.0,0.0,0.0,0.0,,,,,,,0.0,0.0,0.0,0.0,0.0,0.0,0.0,0,-0.0,1.0,1.0,0.0,0,0,0.0,0.0,0.0,0.0,0.0,,
,8.0,0.0,CB,Joey Porter Jr.,202,24126,PIT,13,BUF,0.0,0.0,0.0,0.0,0.0,0,0.0,0.0,0,0.0,0.0,0,7.0,6.0,2.0,0.0,0.0,0.0,0.0,0.0,,,,,,,0.0,0.0,0.0,0.0,0.0,0.0,0.0,0,-0.0,2.0,6.0,0.0,0,0,0.0,0.0,0.0,0.0,0.0,,
,2.0,0.0,CB,Josh Hayes,562,24480,TB,13,ARI,0.0,0.0,0.0,0.0,0.0,0,0.0,0.0,0,0.0,0.0,0,1.5,1.0,1.0,0.0,0.0,0.0,0.0,0.0,,,,,,,0.0,0.0,0.0,0.0,0.0,0.0,0.0,0,-0.0,1.0,1.0,0.0,0,0,0.0,0.0,0.0,0.0,0.0,,
,3.0,0.0,CB,Josh Jobe,475,23557,SEA,13,MIN,0.0,0.0,0.0,0.0,0.0,0,0.0,0.0,0,0.0,0.0,0,2.5,1.0,1.0,0.0,0.0,0.0,1.0,0.0,,,,,,,0.0,0.0,0.0,0.0,0.0,0.0,0.0,0,-0.0,1.0,1.0,1.0,0,0,0.0,0.0,0.0,0.0,0.0,,
,1.0,0.0,CB,Josh Wallace,678,25131,LAR,13,CAR,0.0,0.0,0.0,0.0,0.0,0,0.0,0.0,0,0.0,0.0,0,0.5,0.0,1.0,0.0,0.0,0.0,0.0,0.0,,,,,,,0.0,0.0,0.0,0.0,0.0,0.0,0.0,0,-0.0,1.0,0.0,0.0,0,0,0.0,0.0,0.0,0.0,0.0,,
,1.0,0.0,CB,Jourdan Lewis,760,18975,JAX,13,TEN,0.0,0.0,0.0,0.0,0.0,0,0.0,0.0,0,0.0,0.0,0,0.5,0.0,1.0,0.0,0.0,0.0,0.0,0.0,,,,,,,0.0,0.0,0.0,0.0,0.0,0.0,0.0,0,-0.0,1.0,0.0,0.0,0,0,0.0,0.0,0.0,0.0,0.0,,
,3.0,0.0,CB,Kamari Lassiter,338,24963,HOU,13,IND,0.0,0.0,0.0,0.0,0.0,0,0.0,0.0,0,0.0,0.0,0,4.0,1.0,2.0,1.0,0.0,1.0,0.0,0.0,,,,,,,0.0,0.0,0.0,0.0,0.0,0.0,0.0,0,-0.0,2.0,1.0,0.0,0,0,0.0,0.0,0.0,0.0,0.0,,
,5.0,0.0,CB,Kenny Moore II,390,19287,IND,13,HOU,0.0,0.0,0.0,0.0,0.0,0,0.0,0.0,0,0.0,0.0,0,3.5,2.0,3.0,0.0,0.0,0.0,0.0,0.0,,,,,,,0.0,0.0,0.0,0.0,0.0,0.0,0.0,0,-0.0,3.0,2.0,0.0,0,0,0.0,0.0,0.0,0.0,0.0,,
,0.0,0.0,CB,Keyon Martin,979,26656,BAL,13,CIN,0.0,0.0,0.0,0.0,0.0,0,0.0,0.0,0,0.0,0.0,0,0.0,0.0,0.0,0.0,0.0,0.0,0.0,0.0,,,,,,,0.0,0.0,0.0,0.0,0.0,0.0,0.0,0,-0.0,0.0,0.0,0.0,0,0,0.0,0.0,0.0,0.0,0.0,,
,10.0,0.0,CB,Kool-Aid McKinstry,181,25007,NO,13,MIA,0.0,0.0,0.0,0.0,0.0,0,0.0,0.0,0,1.0,0.0,0,7.5,2.0,1.0,1.0,0.0,0.0,1.0,0.0,,,,,,,0.0,0.0,0.0,0.0,0.0,0.0,0.0,0,-0.0,1.0,2.0,1.0,0,0,6.0,0.0,0.0,0.0,0.0,,
,9.0,0.0,CB,Kyu Blu Kelly,250,24210,LV,13,LAC,0.0,0.0,0.0,0.0,0.0,0,0.0,0.0,0,1.0,0.0,0,6.0,2.0,0.0,0.0,0.0,0.0,1.0,0.0,,,,,,,0.0,0.0,0.0,0.0,0.0,0.0,0.0,0,-0.0,0.0,2.0,1.0,0,0,6.0,0.0,0.0,0.0,0.0,,
,4.0,0.0,CB,Marcus Harris,391,26172,TEN,13,JAX,0.0,0.0,0.0,0.0,0.0,0,0.0,0.0,0,0.0,0.0,0,3.5,3.0,1.0,0.0,0.0,0.0,0.0,0.0,,,,,,,0.0,0.0,0.0,0.0,0.0,0.0,0.0,0,-0.0,1.0,3.0,0.0,0,0,0.0,0.0,0.0,0.0,0.0,,
,5.0,0.0,CB,Mekhi Blackmon,312,24271,IND,13,HOU,0.0,0.0,0.0,0.0,0.0,0,0.0,0.0,0,0.0,0.0,0,4.5,3.0,1.0,0.0,0.0,0.0,1.0,0.0,,,,,,,0.0,0.0,0.0,0.0,0.0,0.0,0.0,0,-0.0,1.0,3.0,1.0,0,0,0.0,0.0,0.0,0.0,0.0,,
,0.0,0.0,CB,Mike Ford Jr,911,20281,ATL,13,NYJ,0.0,0.0,0.0,0.0,0.0,0,0.0,0.0,0,0.0,0.0,0,0.0,0.0,0.0,0.0,0.0,0.0,0.0,0.0,,,,,,,0.0,0.0,0.0,0.0,0.0,0.0,0.0,0,-0.0,0.0,0.0,0.0,0,0,0.0,0.0,0.0,0.0,0.0,,
,6.0,0.0,CB,Mike Hughes,193,19847,ATL,13,NYJ,0.0,0.0,0.0,0.0,0.0,0,0.0,0.0,0,0.0,0.0,0,7.0,6.0,0.0,1.0,0.0,0.0,0.0,0.0,,,,,,,0.0,0.0,0.0,0.0,0.0,0.0,0.0,0,-0.0,0.0,6.0,0.0,0,0,0.0,0.0,0.0,0.0,0.0,,
,20.0,0.0,CB,Mike Jackson,85,20822,CAR,13,LAR,0.0,0.0,0.0,0.0,0.0,0,0.0,0.0,0,1.0,0.0,0,11.0,1.0,0.0,0.0,0.0,0.0,1.0,1.0,,,,,,,0.0,0.0,0.0,0.0,0.0,0.0,0.0,0,-0.0,0.0,1.0,1.0,0,0,6.0,6.0,0.0,0.0,0.0,,
,7.0,0.0,CB,Montaric Brown,220,23548,JAX,13,TEN,0.0,0.0,0.0,0.0,0.0,0,0.0,0.0,0,0.0,0.0,0,6.5,6.0,1.0,0.0,0.0,0.0,0.0,0.0,,,,,,,0.0,0.0,0.0,0.0,0.0,0.0,0.0,0,-0.0,1.0,6.0,0.0,0,0,0.0,0.0,0.0,0.0,0.0,,
,5.0,0.0,CB,Myles Bryant,340,22047,HOU,13,IND,0.0,0.0,0.0,0.0,0.0,0,0.0,0.0,0,0.0,0.0,0,4.0,3.0,2.0,0.0,0.0,0.0,0.0,0.0,,,,,,,0.0,0.0,0.0,0.0,0.0,0.0,0.0,0,-0.0,2.0,3.0,0.0,0,0,0.0,0.0,0.0,0.0,0.0,,
,2.0,0.0,CB,Myles Harden,575,25184,CLE,13,SF,0.0,0.0,0.0,0.0,0.0,0,0.0,0.0,0,0.0,0.0,0,1.5,1.0,1.0,0.0,0.0,0.0,0.0,0.0,,,,,,,0.0,0.0,0.0,0.0,0.0,0.0,0.0,0,-0.0,1.0,1.0,0.0,0,0,0.0,0.0,0.0,0.0,0.0,,
,1.0,0.0,CB,Natrone Brooks,634,24871,ATL,13,NYJ,0.0,0.0,0.0,0.0,0.0,0,0.0,0.0,0,0.0,0.0,0,1.0,1.0,0.0,0.0,0.0,0.0,0.0,0.0,,,,,,,0.0,0.0,0.0,0.0,0.0,0.0,0.0,0,-0.0,0.0,1.0,0.0,0,0,0.0,0.0,0.0,0.0,0.0,,
,2.0,0.0,CB,Nehemiah Pritchett,526,25154,SEA,13,MIN,0.0,0.0,0.0,0.0,0.0,0,0.0,0.0,0,0.0,0.0,0,2.0,2.0,0.0,0.0,0.0,0.0,0.0,0.0,,,,,,,0.0,0.0,0.0,0.0,0.0,0.0,0.0,0,-0.0,0.0,2.0,0.0,0,0,0.0,0.0,0.0,0.0,0.0,,
,3.0,0.0,CB,Quincy Riley,458,26182,NO,13,MIA,0.0,0.0,0.0,0.0,0.0,0,0.0,0.0,0,0.0,0.0,0,2.5,1.0,1.0,0.0,0.0,0.0,1.0,0.0,,,,,,,0.0,0.0,0.0,0.0,0.0,0.0,0.0,0,-0.0,1.0,1.0,1.0,0,0,0.0,0.0,0.0,0.0,0.0,,
,4.0,0.0,CB,Qwan'tez Stiggers,307,25334,NYJ,13,ATL,0.0,0.0,0.0,0.0,0.0,0,0.0,0.0,0,0.0,0.0,1,4.5,1.0,1.0,0.0,0.0,0.0,0.0,0.0,,,,,,,0.0,0.0,0.0,0.0,0.0,0.0,0.0,0,-0.0,1.0,1.0,0.0,0,0,0.0,0.0,0.0,1.0,2.0,,
,13.0,0.0,CB,Rasul Douglas,130,18982,MIA,13,NO,0.0,0.0,0.0,0.0,0.0,0,0.0,0.0,0,1.0,0.0,0,9.0,4.0,2.0,0.0,0.0,0.0,1.0,0.0,,,,,,,0.0,0.0,0.0,0.0,0.0,0.0,0.0,0,-0.0,2.0,4.0,1.0,0,0,6.0,0.0,0.0,0.0,0.0,,
,3.0,0.0,CB,Renardo Green,426,25192,SF,13,CLE,0.0,0.0,0.0,0.0,0.0,0,0.0,0.0,0,0.0,0.0,0,3.0,3.0,0.0,0.0,0.0,0.0,0.0,0.0,,,,,,,0.0,0.0,0.0,0.0,0.0,0.0,0.0,0,-0.0,0.0,3.0,0.0,0,0,0.0,0.0,0.0,0.0,0.0,,
,9.0,0.0,CB,Riq Woolen,356,23428,SEA,13,MIN,0.0,0.0,0.0,0.0,0.0,0,0.0,0.0,0,1.0,0.0,0,4.0,2.0,0.0,0.0,0.0,0.0,1.0,0.0,,,,,,,0.0,0.0,0.0,0.0,0.0,0.0,0.0,0,-0.0,0.0,2.0,1.0,0,0,6.0,0.0,0.0,0.0,0.0,,
,1.0,0.0,CB,Robert Rochell,643,22848,CAR,13,LAR,0.0,0.0,0.0,0.0,0.0,0,0.0,0.0,0,0.0,0.0,0,1.0,1.0,0.0,0.0,0.0,0.0,0.0,0.0,,,,,,,0.0,0.0,0.0,0.0,0.0,0.0,0.0,0,-0.0,0.0,1.0,0.0,0,0,0.0,0.0,0.0,0.0,0.0,,
,2.0,0.0,CB,Tarheeb Still,647,25139,LAC,13,LV,0.0,0.0,0.0,0.0,0.0,0,0.0,0.0,0,0.0,0.0,0,1.0,0.0,2.0,0.0,0.0,0.0,0.0,0.0,,,,,,,0.0,0.0,0.0,0.0,0.0,0.0,0.0,0,-0.0,2.0,0.0,0.0,0,0,0.0,0.0,0.0,0.0,0.0,,
,3.0,0.0,CB,Taron Johnson,577,19928,BUF,13,PIT,0.0,0.0,0.0,0.0,0.0,0,0.0,0.0,0,0.0,0.0,0,1.5,0.0,3.0,0.0,0.0,0.0,0.0,0.0,,,,,,,0.0,0.0,0.0,0.0,0.0,0.0,0.0,0,-0.0,3.0,0.0,0.0,0,0,0.0,0.0,0.0,0.0,0.0,,
,2.0,0.0,CB,Tre'Davious White,505,18918,BUF,13,PIT,0.0,0.0,0.0,0.0,0.0,0,0.0,0.0,0,0.0,0.0,0,2.0,0.0,0.0,0.0,0.0,0.0,2.0,0.0,,,,,,,0.0,0.0,0.0,0.0,0.0,0.0,0.0,0,-0.0,0.0,0.0,2.0,0,0,0.0,0.0,0.0,0.0,0.0,,
,0.0,0.0,CB,Tremon Smith,931,20028,HOU,13,IND,0.0,0.0,0.0,0.0,0.0,0,0.0,0.0,0,0.0,0.0,0,0.0,0.0,0.0,0.0,0.0,0.0,0.0,0.0,,,,,,,0.0,0.0,0.0,0.0,0.0,0.0,0.0,0,-0.0,0.0,0.0,0.0,0,0,0.0,0.0,0.0,0.0,0.0,,
,8.0,0.0,CB,Tyson Campbell,222,22731,CLE,13,SF,0.0,0.0,0.0,0.0,0.0,0,0.0,0.0,0,0.0,0.0,0,6.5,3.0,3.0,0.0,0.0,0.0,2.0,0.0,,,,,,,0.0,0.0,0.0,0.0,0.0,0.0,0.0,0,-0.0,3.0,3.0,2.0,0,0,0.0,0.0,0.0,0.0,0.0,,
,7.0,0.0,CB,Upton Stout,204,26194,SF,13,CLE,0.0,0.0,0.0,0.0,0.0,0,0.0,0.0,0,0.0,0.0,0,7.0,5.0,2.0,1.0,0.0,0.0,0.0,0.0,,,,,,,0.0,0.0,0.0,0.0,0.0,0.0,0.0,0,-0.0,2.0,5.0,0.0,0,0,0.0,0.0,0.0,0.0,0.0,,
,4.0,0.0,CB,Will Johnson,275,26052,ARI,13,TB,0.0,0.0,0.0,0.0,0.0,0,0.0,0.0,0,0.0,0.0,0,5.5,3.0,1.0,2.0,0.0,0.0,0.0,0.0,,,,,,,0.0,0.0,0.0,0.0,0.0,0.0,0.0,0,-0.0,1.0,3.0,0.0,0,0,0.0,0.0,0.0,0.0,0.0,,
,5.0,0.0,CB,Zyon McCollum,293,23432,TB,13,ARI,0.0,0.0,0.0,0.0,0.0,0,0.0,0.0,0,0.0,0.0,0,4.5,4.0,1.0,0.0,0.0,0.0,0.0,0.0,,,,,,,0.0,0.0,0.0,0.0,0.0,0.0,0.0,0,-0.0,1.0,4.0,0.0,0,0,0.0,0.0,0.0,0.0,0.0,,
,1.0,0.0,DE,A.J. Epenesa,751,21881,BUF,13,PIT,0.0,0.0,0.0,0.0,0.0,0,0.0,0.0,0,0.0,0.0,0,0.5,0.0,1.0,0.0,0.0,0.0,0.0,0.0,,,,,,,0.0,0.0,0.0,0.0,0.0,0.0,0.0,0,-0.0,1.0,0.0,0.0,0,0,0.0,0.0,0.0,0.0,0.0,,
,4.0,0.0,DE,A'Shawn Robinson,386,17979,CAR,13,LAR,0.0,0.0,0.0,0.0,0.0,0,0.0,0.0,0,0.0,0.0,0,3.5,2.0,1.0,0.0,0.0,0.0,1.0,0.0,,,,,,,0.0,0.0,0.0,0.0,0.0,0.0,0.0,0,-0.0,1.0,2.0,1.0,0,0,0.0,0.0,0.0,0.0,0.0,,
,4.0,0.0,DE,B.J. Green II,513,26462,JAX,13,TEN,0.0,0.0,0.0,0.0,0.0,0,0.0,0.0,0,0.0,0.0,0,2.0,0.0,4.0,0.0,0.0,0.0,0.0,0.0,,,,,,,0.0,0.0,0.0,0.0,0.0,0.0,0.0,0,-0.0,4.0,0.0,0.0,0,0,0.0,0.0,0.0,0.0,0.0,,
,10.0,0.0,DE,Braden Fiske,113,25218,LAR,13,CAR,0.0,0.0,0.0,0.0,0.0,0,0.0,0.0,1,0.0,0.0,0,9.9,3.0,3.0,2.0,4.0,1.0,0.0,0.0,,,,,,,0.0,0.0,0.0,0.0,0.0,0.0,0.0,0,-0.0,3.0,3.0,0.0,4,0,0.0,0.0,0.0,0.0,0.0,,
,2.0,0.0,DE,Bryce Huff,459,22377,SF,13,CLE,0.0,0.0,0.0,0.0,0.0,0,0.0,0.0,0,0.0,0.0,0,2.5,1.0,1.0,0.0,0.0,1.0,0.0,0.0,,,,,,,0.0,0.0,0.0,0.0,0.0,0.0,0.0,0,-0.0,1.0,1.0,0.0,0,0,0.0,0.0,0.0,0.0,0.0,,
,12.0,0.0,DE,Cameron Jordan,62,13338,NO,13,MIA,0.0,0.0,0.0,0.0,0.0,0,0.0,0.0,2,0.0,0.0,0,13.2,2.0,2.0,2.0,12.0,3.0,0.0,0.0,,,,,,,0.0,0.0,0.0,0.0,0.0,0.0,0.0,0,-0.0,2.0,2.0,0.0,8,0,0.0,0.0,0.0,0.0,0.0,,
,2.0,0.0,DE,Cameron Thomas,524,23329,CLE,13,SF,0.0,0.0,0.0,0.0,0.0,0,0.0,0.0,0,0.0,0.0,0,2.0,0.0,2.0,0.0,0.0,1.0,0.0,0.0,,,,,,,0.0,0.0,0.0,0.0,0.0,0.0,0.0,0,-0.0,2.0,0.0,0.0,0,0,0.0,0.0,0.0,0.0,0.0,,
,3.0,0.0,DE,Carl Granderson,533,20776,NO,13,MIA,0.0,0.0,0.0,0.0,0.0,0,0.0,0.0,0,0.0,0.0,0,2.0,1.0,2.0,0.0,0.0,0.0,0.0,0.0,,,,,,,0.0,0.0,0.0,0.0,0.0,0.0,0.0,0,-0.0,2.0,1.0,0.0,0,0,0.0,0.0,0.0,0.0,0.0,,
,1.0,0.0,DE,Charles Snowden,618,22796,LV,13,LAC,0.0,0.0,0.0,0.0,0.0,0,0.0,0.0,0,0.0,0.0,0,1.0,1.0,0.0,0.0,0.0,0.0,0.0,0.0,,,,,,,0.0,0.0,0.0,0.0,0.0,0.0,0.0,0,-0.0,0.0,1.0,0.0,0,0,0.0,0.0,0.0,0.0,0.0,,
,6.0,0.0,DE,Chase Young,186,22092,NO,13,MIA,0.0,0.0,0.0,0.0,0.0,0,0.0,0.0,1,0.0,0.0,0,7.4,2.0,0.0,2.0,4.0,1.0,0.0,0.0,,,,,,,0.0,0.0,0.0,0.0,0.0,0.0,0.0,0,-0.0,0.0,2.0,0.0,4,0,0.0,0.0,0.0,0.0,0.0,,
,1.0,0.0,DE,Chris Rumph II,661,22838,NO,13,MIA,0.0,0.0,0.0,0.0,0.0,0,0.0,0.0,0,0.0,0.0,0,1.0,1.0,0.0,0.0,0.0,0.0,0.0,0.0,,,,,,,0.0,0.0,0.0,0.0,0.0,0.0,0.0,0,-0.0,0.0,1.0,0.0,0,0,0.0,0.0,0.0,0.0,0.0,,
,6.0,0.0,DE,Chris Wormley,211,18947,IND,13,HOU,0.0,0.0,0.0,0.0,0.0,0,0.0,0.0,1,0.0,0.0,0,6.9,2.0,0.0,1.0,9.0,1.0,0.0,0.0,,,,,,,0.0,0.0,0.0,0.0,0.0,0.0,0.0,0,-0.0,0.0,2.0,0.0,4,0,0.0,0.0,0.0,0.0,0.0,,
,17.0,0.0,DE,Clelin Ferrell,29,20757,SF,13,CLE,0.0,0.0,0.0,0.0,0.0,0,0.0,0.0,2,0.0,0.0,0,17.9,6.0,3.0,2.0,24.0,2.0,0.0,0.0,,,,,,,0.0,0.0,0.0,0.0,0.0,0.0,0.0,0,-0.0,3.0,6.0,0.0,8,0,0.0,0.0,0.0,0.0,0.0,,
,2.0,0.0,DE,Danielle Hunter,554,16849,HOU,13,IND,0.0,0.0,0.0,0.0,0.0,0,0.0,0.0,0,0.0,0.0,0,1.5,0.0,1.0,0.0,0.0,0.0,1.0,0.0,,,,,,,0.0,0.0,0.0,0.0,0.0,0.0,0.0,0,-0.0,1.0,0.0,1.0,0,0,0.0,0.0,0.0,0.0,0.0,,
,5.0,0.0,DE,Da'Shawn Hand,439,19934,LAC,13,LV,0.0,0.0,0.0,0.0,0.0,0,0.0,0.0,1,0.0,0.0,0,2.9,0.0,1.0,0.0,4.0,1.0,0.0,0.0,,,,,,,0.0,0.0,0.0,0.0,0.0,0.0,0.0,0,-0.0,1.0,0.0,0.0,4,0,0.0,0.0,0.0,0.0,0.0,,
,1.0,0.0,DE,Dawuane Smoot,761,18959,JAX,13,TEN,0.0,0.0,0.0,0.0,0.0,0,0.0,0.0,0,0.0,0.0,0,0.5,0.0,1.0,0.0,0.0,0.0,0.0,0.0,,,,,,,0.0,0.0,0.0,0.0,0.0,0.0,0.0,0,-0.0,1.0,0.0,0.0,0,0,0.0,0.0,0.0,0.0,0.0,,
,1.0,0.0,DE,Denico Autry,720,16310,HOU,13,IND,0.0,0.0,0.0,0.0,0.0,0,0.0,0.0,0,0.0,0.0,0,0.5,0.0,1.0,0.0,0.0,0.0,0.0,0.0,,,,,,,0.0,0.0,0.0,0.0,0.0,0.0,0.0,0,-0.0,1.0,0.0,0.0,0,0,0.0,0.0,0.0,0.0,0.0,,
,1.0,0.0,DE,Derek Barnett,500,18911,HOU,13,IND,0.0,0.0,0.0,0.0,0.0,0,0.0,0.0,0,0.0,0.0,0,2.0,1.0,0.0,1.0,0.0,0.0,0.0,0.0,,,,,,,0.0,0.0,0.0,0.0,0.0,0.0,0.0,0,-0.0,0.0,1.0,0.0,0,0,0.0,0.0,0.0,0.0,0.0,,
,11.0,0.0,DE,Derrick Brown,105,22085,CAR,13,LAR,0.0,0.0,0.0,0.0,0.0,0,0.0,0.0,1,0.0,1.0,0,10.3,1.0,1.0,1.0,8.0,1.0,1.0,0.0,,,,,,,0.0,0.0,0.0,0.0,0.0,0.0,0.0,0,-0.0,1.0,1.0,1.0,4,0,0.0,0.0,4.0,0.0,0.0,,
,1.0,0.0,DE,Dylan Horton,715,24280,HOU,13,IND,0.0,0.0,0.0,0.0,0.0,0,0.0,0.0,0,0.0,0.0,0,0.5,0.0,1.0,0.0,0.0,0.0,0.0,0.0,,,,,,,0.0,0.0,0.0,0.0,0.0,0.0,0.0,0,-0.0,1.0,0.0,0.0,0,0,0.0,0.0,0.0,0.0,0.0,,
,1.0,0.0,DE,Greg Rousseau,506,22698,BUF,13,PIT,0.0,0.0,0.0,0.0,0.0,0,0.0,0.0,0,0.0,0.0,0,2.0,1.0,0.0,1.0,0.0,0.0,0.0,0.0,,,,,,,0.0,0.0,0.0,0.0,0.0,0.0,0.0,0,-0.0,0.0,1.0,0.0,0,0,0.0,0.0,0.0,0.0,0.0,,
,1.0,0.0,DE,Isaiah McGuire,703,24252,CLE,13,SF,0.0,0.0,0.0,0.0,0.0,0,0.0,0.0,0,0.0,0.0,0,0.5,0.0,1.0,0.0,0.0,0.0,0.0,0.0,,,,,,,0.0,0.0,0.0,0.0,0.0,0.0,0.0,0,-0.0,1.0,0.0,0.0,0,0,0.0,0.0,0.0,0.0,0.0,,
,1.0,0.0,DE,Jalon Walker,569,25998,ATL,13,NYJ,0.0,0.0,0.0,0.0,0.0,0,0.0,0.0,0,0.0,0.0,0,1.5,0.0,1.0,0.0,0.0,1.0,0.0,0.0,,,,,,,0.0,0.0,0.0,0.0,0.0,0.0,0.0,0,-0.0,1.0,0.0,0.0,0,0,0.0,0.0,0.0,0.0,0.0,,
,6.0,0.0,DE,James Pearce Jr.,210,26017,ATL,13,NYJ,0.0,0.0,0.0,0.0,0.0,0,0.0,0.0,1,0.0,0.0,0,6.9,2.0,0.0,1.0,9.0,1.0,0.0,0.0,,,,,,,0.0,0.0,0.0,0.0,0.0,0.0,0.0,0,-0.0,0.0,2.0,0.0,4,0,0.0,0.0,0.0,0.0,0.0,,
,2.0,0.0,DE,Javon Solomon,508,25274,BUF,13,PIT,0.0,0.0,0.0,0.0,0.0,0,0.0,0.0,0,0.0,0.0,0,2.0,2.0,0.0,0.0,0.0,0.0,0.0,0.0,,,,,,,0.0,0.0,0.0,0.0,0.0,0.0,0.0,0,-0.0,0.0,2.0,0.0,0,0,0.0,0.0,0.0,0.0,0.0,,
,10.0,0.0,DE,Joey Bosa,123,17915,BUF,13,PIT,0.0,0.0,0.0,0.0,0.0,0,0.0,0.0,1,0.0,1.0,0,9.4,1.0,1.0,1.0,9.0,1.0,0.0,0.0,,,,,,,0.0,0.0,0.0,0.0,0.0,0.0,0.0,0,-0.0,1.0,1.0,0.0,4,0,0.0,0.0,4.0,0.0,0.0,,
,0.0,0.0,DE,Jonah Williams,937,22332,NO,13,MIA,0.0,0.0,0.0,0.0,0.0,0,0.0,0.0,0,0.0,0.0,0,0.0,0.0,0.0,0.0,0.0,0.0,0.0,0.0,,,,,,,0.0,0.0,0.0,0.0,0.0,0.0,0.0,0,-0.0,0.0,0.0,0.0,0,0,0.0,0.0,0.0,0.0,0.0,,
,11.0,0.0,DE,Josh Hines-Allen,46,20737,JAX,13,TEN,0.0,0.0,0.0,0.0,0.0,0,0.0,0.0,2,0.0,0.0,0,15.0,3.0,0.0,3.0,20.0,3.0,0.0,0.0,,,,,,,0.0,0.0,0.0,0.0,0.0,0.0,0.0,0,-0.0,0.0,3.0,0.0,8,0,0.0,0.0,0.0,0.0,0.0,,
,0.0,0.0,DE,JT Tuimoloau,503,25016,IND,13,HOU,0.0,0.0,0.0,0.0,0.0,0,0.0,0.0,0,0.0,0.0,0,2.0,0.0,0.0,0.0,0.0,2.0,0.0,0.0,,,,,,,0.0,0.0,0.0,0.0,0.0,0.0,0.0,0,-0.0,0.0,0.0,0.0,0,0,0.0,0.0,0.0,0.0,0.0,,
,7.0,0.0,DE,Keion White,129,24256,SF,13,CLE,0.0,0.0,0.0,0.0,0.0,0,0.0,0.0,1,0.0,0.0,0,9.0,3.0,0.0,1.0,10.0,2.0,0.0,0.0,,,,,,,0.0,0.0,0.0,0.0,0.0,0.0,0.0,0,-0.0,0.0,3.0,0.0,4,0,0.0,0.0,0.0,0.0,0.0,,
,4.0,0.0,DE,Kobie Turner,466,24474,LAR,13,CAR,0.0,0.0,0.0,0.0,0.0,0,0.0,0.0,0,0.0,0.0,0,2.5,1.0,3.0,0.0,0.0,0.0,0.0,0.0,,,,,,,0.0,0.0,0.0,0.0,0.0,0.0,0.0,0,-0.0,3.0,1.0,0.0,0,0,0.0,0.0,0.0,0.0,0.0,,
,6.0,0.0,DE,Kwity Paye,343,22689,IND,13,HOU,0.0,0.0,0.0,0.0,0.0,0,0.0,0.0,0,0.0,0.0,0,4.0,2.0,4.0,0.0,0.0,0.0,0.0,0.0,,,,,,,0.0,0.0,0.0,0.0,0.0,0.0,0.0,0,-0.0,4.0,2.0,0.0,0,0,0.0,0.0,0.0,0.0,0.0,,
,1.0,0.0,DE,LaBryan Ray,684,23527,CAR,13,LAR,0.0,0.0,0.0,0.0,0.0,0,0.0,0.0,0,0.0,0.0,0,0.5,0.0,1.0,0.0,0.0,0.0,0.0,0.0,,,,,,,0.0,0.0,0.0,0.0,0.0,0.0,0.0,0,-0.0,1.0,0.0,0.0,0,0,0.0,0.0,0.0,0.0,0.0,,
,2.0,0.0,DE,Laiatu Latu,613,24993,IND,13,HOU,0.0,0.0,0.0,0.0,0.0,0,0.0,0.0,0,0.0,0.0,0,1.0,0.0,2.0,0.0,0.0,0.0,0.0,0.0,,,,,,,0.0,0.0,0.0,0.0,0.0,0.0,0.0,0,-0.0,2.0,0.0,0.0,0,0,0.0,0.0,0.0,0.0,0.0,,
,6.0,0.0,DE,Leonard Floyd,256,17935,ATL,13,NYJ,0.0,0.0,0.0,0.0,0.0,0,0.0,0.0,1,0.0,0.0,0,5.9,1.0,1.0,1.0,4.0,1.0,0.0,0.0,,,,,,,0.0,0.0,0.0,0.0,0.0,0.0,0.0,0,-0.0,1.0,1.0,0.0,4,0,0.0,0.0,0.0,0.0,0.0,,
,6.0,0.0,DE,Leonard Williams,207,16767,SEA,13,MIN,0.0,0.0,0.0,0.0,0.0,0,0.0,0.0,1,0.0,0.0,0,6.9,2.0,0.0,1.0,9.0,1.0,0.0,0.0,,,,,,,0.0,0.0,0.0,0.0,0.0,0.0,0.0,0,-0.0,0.0,2.0,0.0,4,0,0.0,0.0,0.0,0.0,0.0,,
,6.0,0.0,DE,Malcolm Koonce,235,22896,LV,13,LAC,0.0,0.0,0.0,0.0,0.0,0,0.0,0.0,1,0.0,0.0,0,6.3,2.0,0.0,1.0,3.0,1.0,0.0,0.0,,,,,,,0.0,0.0,0.0,0.0,0.0,0.0,0.0,0,-0.0,0.0,2.0,0.0,4,0,0.0,0.0,0.0,0.0,0.0,,
,17.0,0.0,DE,Maxx Crosby,26,21015,LV,13,LAC,0.0,0.0,0.0,0.0,0.0,0,0.0,0.0,2,0.0,0.0,0,18.3,6.0,3.0,4.0,8.0,2.0,0.0,0.0,,,,,,,0.0,0.0,0.0,0.0,0.0,0.0,0.0,0,-0.0,3.0,6.0,0.0,8,0,0.0,0.0,0.0,0.0,0.0,,
,9.0,0.0,DE,Myles Garrett,81,18807,CLE,13,SF,0.0,0.0,0.0,0.0,0.0,0,0.0,0.0,1,0.0,0.0,0,11.2,2.0,3.0,2.0,7.0,3.0,0.0,0.0,,,,,,,0.0,0.0,0.0,0.0,0.0,0.0,0.0,0,-0.0,3.0,2.0,0.0,4,0,0.0,0.0,0.0,0.0,0.0,,
,1.0,0.0,DE,Samson Ebukam,501,19016,IND,13,HOU,0.0,0.0,0.0,0.0,0.0,0,0.0,0.0,0,0.0,0.0,0,2.0,1.0,0.0,1.0,0.0,0.0,0.0,0.0,,,,,,,0.0,0.0,0.0,0.0,0.0,0.0,0.0,0,-0.0,0.0,1.0,0.0,0,0,0.0,0.0,0.0,0.0,0.0,,
,3.0,0.0,DE,Sebastian Joseph-Day,515,19985,TEN,13,JAX,0.0,0.0,0.0,0.0,0.0,0,0.0,0.0,0,0.0,0.0,0,2.0,1.0,2.0,0.0,0.0,0.0,0.0,0.0,,,,,,,0.0,0.0,0.0,0.0,0.0,0.0,0.0,0,-0.0,2.0,1.0,0.0,0,0,0.0,0.0,0.0,0.0,0.0,,
,5.0,0.0,DE,Tyler Davis,419,25224,LAR,13,CAR,0.0,0.0,0.0,0.0,0.0,0,0.0,0.0,0,0.0,0.0,0,3.0,1.0,4.0,0.0,0.0,0.0,0.0,0.0,,,,,,,0.0,0.0,0.0,0.0,0.0,0.0,0.0,0,-0.0,4.0,1.0,0.0,0,0,0.0,0.0,0.0,0.0,0.0,,
,2.0,0.0,DE,Tyree Wilson,405,24083,LV,13,LAC,0.0,0.0,0.0,0.0,0.0,0,0.0,0.0,0,0.0,0.0,0,3.0,2.0,0.0,1.0,0.0,0.0,0.0,0.0,,,,,,,0.0,0.0,0.0,0.0,0.0,0.0,0.0,0,-0.0,0.0,2.0,0.0,0,0,0.0,0.0,0.0,0.0,0.0,,
,4.0,0.0,DE,Will Anderson Jr.,282,24087,HOU,13,IND,0.0,0.0,0.0,0.0,0.0,0,0.0,0.0,0,0.0,0.0,0,5.0,2.0,2.0,1.0,0.0,1.0,0.0,0.0,,,,,,,0.0,0.0,0.0,0.0,0.0,0.0,0.0,0,-0.0,2.0,2.0,0.0,0,0,0.0,0.0,0.0,0.0,0.0,,
,4.0,0.0,DE,Will McDonald IV,141,24276,NYJ,13,ATL,0.0,0.0,0.0,0.0,0.0,0,0.0,0.0,0,0.0,0.0,0,8.5,3.0,1.0,1.0,0.0,4.0,0.0,0.0,,,,,,,0.0,0.0,0.0,0.0,0.0,0.0,0.0,0,-0.0,1.0,3.0,0.0,0,0,0.0,0.0,0.0,0.0,0.0,,
,13.0,0.0,DE,Yahya Black,121,26170,PIT,13,BUF,0.0,0.0,0.0,0.0,0.0,0,0.0,0.0,0,0.0,1.0,0,9.5,4.0,5.0,0.0,0.0,0.0,0.0,0.0,,,,,,,0.0,0.0,0.0,0.0,0.0,0.0,0.0,0,-0.0,5.0,4.0,0.0,0,0,0.0,0.0,4.0,0.0,0.0,,
,6.0,0.0,DT,Adam Butler,387,19275,LV,13,LAC,0.0,0.0,0.0,0.0,0.0,0,0.0,0.0,0,0.0,0.0,0,3.5,1.0,5.0,0.0,0.0,0.0,0.0,0.0,,,,,,,0.0,0.0,0.0,0.0,0.0,0.0,0.0,0,-0.0,5.0,1.0,0.0,0,0,0.0,0.0,0.0,0.0,0.0,,
,8.0,0.0,DT,Adetomiwa Adebawore,172,24258,IND,13,HOU,0.0,0.0,0.0,0.0,0.0,0,0.0,0.0,1,0.0,0.0,0,7.6,1.0,3.0,1.0,11.0,1.0,0.0,0.0,,,,,,,0.0,0.0,0.0,0.0,0.0,0.0,0.0,0,-0.0,3.0,1.0,0.0,4,0,0.0,0.0,0.0,0.0,0.0,,
,9.0,0.0,DT,Austin Johnson,199,18333,JAX,13,TEN,0.0,0.0,0.0,0.0,0.0,0,0.0,0.0,1,0.0,1.0,0,7.0,1.0,0.0,0.0,0.0,1.0,0.0,0.0,,,,,,,0.0,0.0,0.0,0.0,0.0,0.0,0.0,0,-0.0,0.0,1.0,0.0,4,0,0.0,0.0,4.0,0.0,0.0,,
,2.0,0.0,DT,Benito Jones,584,21868,MIA,13,NO,0.0,0.0,0.0,0.0,0.0,0,0.0,0.0,0,0.0,0.0,0,1.5,0.0,1.0,0.0,0.0,0.0,1.0,0.0,,,,,,,0.0,0.0,0.0,0.0,0.0,0.0,0.0,0,-0.0,1.0,0.0,1.0,0,0,0.0,0.0,0.0,0.0,0.0,,
,1.0,0.0,DT,Bilal Nichols,695,19930,ARI,13,TB,0.0,0.0,0.0,0.0,0.0,0,0.0,0.0,0,0.0,0.0,0,0.5,0.0,1.0,0.0,0.0,0.0,0.0,0.0,,,,,,,0.0,0.0,0.0,0.0,0.0,0.0,0.0,0,-0.0,1.0,0.0,0.0,0,0,0.0,0.0,0.0,0.0,0.0,,
,1.0,0.0,DT,Brandon Dorlus,504,24997,ATL,13,NYJ,0.0,0.0,0.0,0.0,0.0,0,0.0,0.0,0,0.0,0.0,0,2.0,1.0,0.0,0.0,0.0,1.0,0.0,0.0,,,,,,,0.0,0.0,0.0,0.0,0.0,0.0,0.0,0,-0.0,0.0,1.0,0.0,0,0,0.0,0.0,0.0,0.0,0.0,,
,8.0,0.0,DT,Bryan Bresee,171,24144,NO,13,MIA,0.0,0.0,0.0,0.0,0.0,0,0.0,0.0,1,0.0,0.0,0,7.7,2.0,2.0,1.0,7.0,1.0,0.0,0.0,,,,,,,0.0,0.0,0.0,0.0,0.0,0.0,0.0,0,-0.0,2.0,2.0,0.0,4,0,0.0,0.0,0.0,0.0,0.0,,
,7.0,0.0,DT,Byron Murphy II,187,25022,SEA,13,MIN,0.0,0.0,0.0,0.0,0.0,0,0.0,0.0,1,0.0,0.0,0,7.3,2.0,1.0,1.0,8.0,1.0,0.0,0.0,,,,,,,0.0,0.0,0.0,0.0,0.0,0.0,0.0,0,-0.0,1.0,2.0,0.0,4,0,0.0,0.0,0.0,0.0,0.0,,
,1.0,0.0,DT,Calais Campbell,694,3341,ARI,13,TB,0.0,0.0,0.0,0.0,0.0,0,0.0,0.0,0,0.0,0.0,0,0.5,0.0,1.0,0.0,0.0,0.0,0.0,0.0,,,,,,,0.0,0.0,0.0,0.0,0.0,0.0,0.0,0,-0.0,1.0,0.0,0.0,0,0,0.0,0.0,0.0,0.0,0.0,,
,8.0,0.0,DT,Cameron Heyward,138,12902,PIT,13,BUF,0.0,0.0,0.0,0.0,0.0,0,0.0,0.0,0,0.0,0.0,0,8.5,5.0,3.0,2.0,0.0,0.0,0.0,0.0,,,,,,,0.0,0.0,0.0,0.0,0.0,0.0,0.0,0,-0.0,3.0,5.0,0.0,0,0,0.0,0.0,0.0,0.0,0.0,,
,2.0,0.0,DT,Dante Stills,468,24440,ARI,13,TB,0.0,0.0,0.0,0.0,0.0,0,0.0,0.0,0,0.0,0.0,0,2.5,1.0,1.0,1.0,0.0,0.0,0.0,0.0,,,,,,,0.0,0.0,0.0,0.0,0.0,0.0,0.0,0,-0.0,1.0,1.0,0.0,0,0,0.0,0.0,0.0,0.0,0.0,,
,2.0,0.0,DT,DaQuan Jones,578,16171,BUF,13,PIT,0.0,0.0,0.0,0.0,0.0,0,0.0,0.0,0,0.0,0.0,0,1.5,1.0,1.0,0.0,0.0,0.0,0.0,0.0,,,,,,,0.0,0.0,0.0,0.0,0.0,0.0,0.0,0,-0.0,1.0,1.0,0.0,0,0,0.0,0.0,0.0,0.0,0.0,,
,4.0,0.0,DT,Davon Godchaux,416,19053,NO,13,MIA,0.0,0.0,0.0,0.0,0.0,0,0.0,0.0,0,0.0,0.0,0,3.0,2.0,2.0,0.0,0.0,0.0,0.0,0.0,,,,,,,0.0,0.0,0.0,0.0,0.0,0.0,0.0,0,-0.0,2.0,2.0,0.0,0,0,0.0,0.0,0.0,0.0,0.0,,
,1.0,0.0,DT,DaVon Hamilton,759,21869,JAX,13,TEN,0.0,0.0,0.0,0.0,0.0,0,0.0,0.0,0,0.0,0.0,0,0.5,0.0,1.0,0.0,0.0,0.0,0.0,0.0,,,,,,,0.0,0.0,0.0,0.0,0.0,0.0,0.0,0,-0.0,1.0,0.0,0.0,0,0,0.0,0.0,0.0,0.0,0.0,,
,1.0,0.0,DT,Deone Walker,748,25990,BUF,13,PIT,0.0,0.0,0.0,0.0,0.0,0,0.0,0.0,0,0.0,0.0,0,0.5,0.0,1.0,0.0,0.0,0.0,0.0,0.0,,,,,,,0.0,0.0,0.0,0.0,0.0,0.0,0.0,0,-0.0,1.0,0.0,0.0,0,0,0.0,0.0,0.0,0.0,0.0,,
,4.0,0.0,DT,Grover Stewart,313,19014,IND,13,HOU,0.0,0.0,0.0,0.0,0.0,0,0.0,0.0,0,0.0,0.0,0,4.5,2.0,1.0,0.0,0.0,1.0,1.0,0.0,,,,,,,0.0,0.0,0.0,0.0,0.0,0.0,0.0,0,-0.0,1.0,2.0,1.0,0,0,0.0,0.0,0.0,0.0,0.0,,
,10.0,0.0,DT,Jeffery Simmons,107,20940,TEN,13,JAX,0.0,0.0,0.0,0.0,0.0,0,0.0,0.0,1,0.0,0.0,0,10.0,2.0,4.0,1.0,10.0,2.0,0.0,0.0,,,,,,,0.0,0.0,0.0,0.0,0.0,0.0,0.0,0,-0.0,4.0,2.0,0.0,4,0,0.0,0.0,0.0,0.0,0.0,,
,1.0,0.0,DT,JJ Pegues,682,26201,LV,13,LAC,0.0,0.0,0.0,0.0,0.0,0,0.0,0.0,0,0.0,0.0,0,0.5,0.0,1.0,0.0,0.0,0.0,0.0,0.0,,,,,,,0.0,0.0,0.0,0.0,0.0,0.0,0.0,0,-0.0,1.0,0.0,0.0,0,0,0.0,0.0,0.0,0.0,0.0,,
,2.0,0.0,DT,Jonah Laulu,658,25349,LV,13,LAC,0.0,0.0,0.0,0.0,0.0,0,0.0,0.0,0,0.0,0.0,0,1.0,0.0,2.0,0.0,0.0,0.0,0.0,0.0,,,,,,,0.0,0.0,0.0,0.0,0.0,0.0,0.0,0,-0.0,2.0,0.0,0.0,0,0,0.0,0.0,0.0,0.0,0.0,,
,6.0,0.0,DT,Jonathan Allen,377,18875,MIN,13,SEA,0.0,0.0,0.0,0.0,0.0,0,0.0,0.0,0,0.0,0.0,0,3.5,1.0,5.0,0.0,0.0,0.0,0.0,0.0,,,,,,,0.0,0.0,0.0,0.0,0.0,0.0,0.0,0,-0.0,5.0,1.0,0.0,0,0,0.0,0.0,0.0,0.0,0.0,,
,4.0,0.0,DT,Jordan Elliott,428,22059,SF,13,CLE,0.0,0.0,0.0,0.0,0.0,0,0.0,0.0,0,0.0,0.0,0,3.0,0.0,4.0,0.0,0.0,1.0,0.0,0.0,,,,,,,0.0,0.0,0.0,0.0,0.0,0.0,0.0,0,-0.0,4.0,0.0,0.0,0,0,0.0,0.0,0.0,0.0,0.0,,
,1.0,0.0,DT,Jordan Phillips,686,16813,BUF,13,PIT,0.0,0.0,0.0,0.0,0.0,0,0.0,0.0,0,0.0,0.0,0,0.5,0.0,1.0,0.0,0.0,0.0,0.0,0.0,,,,,,,0.0,0.0,0.0,0.0,0.0,0.0,0.0,0,-0.0,1.0,0.0,0.0,0,0,0.0,0.0,0.0,0.0,0.0,,
,4.0,0.0,DT,Jordan Phillips,531,26036,MIA,13,NO,0.0,0.0,0.0,0.0,0.0,0,0.0,0.0,0,0.0,0.0,0,2.0,0.0,4.0,0.0,0.0,0.0,0.0,0.0,,,,,,,0.0,0.0,0.0,0.0,0.0,0.0,0.0,0,-0.0,4.0,0.0,0.0,0,0,0.0,0.0,0.0,0.0,0.0,,
,3.0,0.0,DT,Jowon Briggs,332,25350,NYJ,13,ATL,0.0,0.0,0.0,0.0,0.0,0,0.0,0.0,0,0.0,0.0,0,4.0,1.0,2.0,1.0,0.0,1.0,0.0,0.0,,,,,,,0.0,0.0,0.0,0.0,0.0,0.0,0.0,0,-0.0,2.0,1.0,0.0,0,0,0.0,0.0,0.0,0.0,0.0,,
,1.0,0.0,DT,Keeanu Benton,745,24283,PIT,13,BUF,0.0,0.0,0.0,0.0,0.0,0,0.0,0.0,0,0.0,0.0,0,0.5,0.0,1.0,0.0,0.0,0.0,0.0,0.0,,,,,,,0.0,0.0,0.0,0.0,0.0,0.0,0.0,0,-0.0,1.0,0.0,0.0,0,0,0.0,0.0,0.0,0.0,0.0,,
,1.0,0.0,DT,Kenneth Grant,723,26041,MIA,13,NO,0.0,0.0,0.0,0.0,0.0,0,0.0,0.0,0,0.0,0.0,0,0.5,0.0,1.0,0.0,0.0,0.0,0.0,0.0,,,,,,,0.0,0.0,0.0,0.0,0.0,0.0,0.0,0,-0.0,1.0,0.0,0.0,0,0,0.0,0.0,0.0,0.0,0.0,,
,2.0,0.0,DT,Leki Fotu,648,22083,LV,13,LAC,0.0,0.0,0.0,0.0,0.0,0,0.0,0.0,0,0.0,0.0,0,1.0,0.0,2.0,0.0,0.0,0.0,0.0,0.0,,,,,,,0.0,0.0,0.0,0.0,0.0,0.0,0.0,0,-0.0,2.0,0.0,0.0,0,0,0.0,0.0,0.0,0.0,0.0,,
,1.0,0.0,DT,Maason Smith,758,24945,JAX,13,TEN,0.0,0.0,0.0,0.0,0.0,0,0.0,0.0,0,0.0,0.0,0,0.5,0.0,1.0,0.0,0.0,0.0,0.0,0.0,,,,,,,0.0,0.0,0.0,0.0,0.0,0.0,0.0,0,-0.0,1.0,0.0,0.0,0,0,0.0,0.0,0.0,0.0,0.0,,
,1.0,0.0,DT,Maliek Collins,573,17997,CLE,13,SF,0.0,0.0,0.0,0.0,0.0,0,0.0,0.0,0,0.0,0.0,0,1.5,0.0,1.0,0.0,0.0,1.0,0.0,0.0,,,,,,,0.0,0.0,0.0,0.0,0.0,0.0,0.0,0,-0.0,1.0,0.0,0.0,0,0,0.0,0.0,0.0,0.0,0.0,,
,1.0,0.0,DT,Mario Edwards Jr.,719,16796,HOU,13,IND,0.0,0.0,0.0,0.0,0.0,0,0.0,0.0,0,0.0,0.0,0,0.5,0.0,1.0,0.0,0.0,0.0,0.0,0.0,,,,,,,0.0,0.0,0.0,0.0,0.0,0.0,0.0,0,-0.0,1.0,0.0,0.0,0,0,0.0,0.0,0.0,0.0,0.0,,
,4.0,0.0,DT,Mason Graham,294,25992,CLE,13,SF,0.0,0.0,0.0,0.0,0.0,0,0.0,0.0,0,0.0,0.0,0,4.5,3.0,1.0,0.0,0.0,1.0,0.0,0.0,,,,,,,0.0,0.0,0.0,0.0,0.0,0.0,0.0,0,-0.0,1.0,3.0,0.0,0,0,0.0,0.0,0.0,0.0,0.0,,
,1.0,0.0,DT,Mike Hall Jr.,705,24975,CLE,13,SF,0.0,0.0,0.0,0.0,0.0,0,0.0,0.0,0,0.0,0.0,0,0.5,0.0,1.0,0.0,0.0,0.0,0.0,0.0,,,,,,,0.0,0.0,0.0,0.0,0.0,0.0,0.0,0,-0.0,1.0,0.0,0.0,0,0,0.0,0.0,0.0,0.0,0.0,,
,3.0,0.0,DT,Nathan Shepherd,470,19887,NO,13,MIA,0.0,0.0,0.0,0.0,0.0,0,0.0,0.0,0,0.0,0.0,0,2.5,2.0,1.0,0.0,0.0,0.0,0.0,0.0,,,,,,,0.0,0.0,0.0,0.0,0.0,0.0,0.0,0,-0.0,1.0,2.0,0.0,0,0,0.0,0.0,0.0,0.0,0.0,,
,4.0,0.0,DT,Neville Gallimore,467,22078,IND,13,HOU,0.0,0.0,0.0,0.0,0.0,0,0.0,0.0,0,0.0,0.0,0,2.5,1.0,3.0,0.0,0.0,0.0,0.0,0.0,,,,,,,0.0,0.0,0.0,0.0,0.0,0.0,0.0,0,-0.0,3.0,1.0,0.0,0,0,0.0,0.0,0.0,0.0,0.0,,
,1.0,0.0,DT,PJ Mustipher,691,24426,ARI,13,TB,0.0,0.0,0.0,0.0,0.0,0,0.0,0.0,0,0.0,0.0,0,0.5,0.0,1.0,0.0,0.0,0.0,0.0,0.0,,,,,,,0.0,0.0,0.0,0.0,0.0,0.0,0.0,0,-0.0,1.0,0.0,0.0,0,0,0.0,0.0,0.0,0.0,0.0,,
,1.0,0.0,DT,Quinton Bohanna,610,22713,SEA,13,MIN,0.0,0.0,0.0,0.0,0.0,0,0.0,0.0,0,0.0,0.0,0,1.0,1.0,0.0,0.0,0.0,0.0,0.0,0.0,,,,,,,0.0,0.0,0.0,0.0,0.0,0.0,0.0,0,-0.0,0.0,1.0,0.0,0,0,0.0,0.0,0.0,0.0,0.0,,
,1.0,0.0,DT,Ruke Orhorhoro,632,25280,ATL,13,NYJ,0.0,0.0,0.0,0.0,0.0,0,0.0,0.0,0,0.0,0.0,0,1.0,1.0,0.0,0.0,0.0,0.0,0.0,0.0,,,,,,,0.0,0.0,0.0,0.0,0.0,0.0,0.0,0,-0.0,0.0,1.0,0.0,0,0,0.0,0.0,0.0,0.0,0.0,,
,1.0,0.0,DT,Sam Kamara,702,22941,CLE,13,SF,0.0,0.0,0.0,0.0,0.0,0,0.0,0.0,0,0.0,0.0,0,0.5,0.0,1.0,0.0,0.0,0.0,0.0,0.0,,,,,,,0.0,0.0,0.0,0.0,0.0,0.0,0.0,0,-0.0,1.0,0.0,0.0,0,0,0.0,0.0,0.0,0.0,0.0,,
,4.0,0.0,DT,Shelby Harris,302,16319,CLE,13,SF,0.0,0.0,0.0,0.0,0.0,0,0.0,0.0,0,0.0,0.0,0,4.5,3.0,1.0,1.0,0.0,0.0,0.0,0.0,,,,,,,0.0,0.0,0.0,0.0,0.0,0.0,0.0,0,-0.0,1.0,3.0,0.0,0,0,0.0,0.0,0.0,0.0,0.0,,
,6.0,0.0,DT,Sheldon Rankins,173,17949,HOU,13,IND,0.0,0.0,0.0,0.0,0.0,0,0.0,0.0,1,0.0,0.0,0,7.6,2.0,0.0,1.0,6.0,2.0,0.0,0.0,,,,,,,0.0,0.0,0.0,0.0,0.0,0.0,0.0,0,-0.0,0.0,2.0,0.0,4,0,0.0,0.0,0.0,0.0,0.0,,
,2.0,0.0,DT,T.J. Sanders,509,26053,BUF,13,PIT,0.0,0.0,0.0,0.0,0.0,0,0.0,0.0,0,0.0,0.0,0,2.0,1.0,0.0,0.0,0.0,0.0,1.0,0.0,,,,,,,0.0,0.0,0.0,0.0,0.0,0.0,0.0,0,-0.0,0.0,1.0,1.0,0,0,0.0,0.0,0.0,0.0,0.0,,
,3.0,0.0,DT,Teair Tart,435,22422,LAC,13,LV,0.0,0.0,0.0,0.0,0.0,0,0.0,0.0,0,0.0,0.0,0,3.0,2.0,0.0,0.0,0.0,0.0,1.0,0.0,,,,,,,0.0,0.0,0.0,0.0,0.0,0.0,0.0,0,-0.0,0.0,2.0,1.0,0,0,0.0,0.0,0.0,0.0,0.0,,
,1.0,0.0,DT,Tershawn Wharton,743,22295,CAR,13,LAR,0.0,0.0,0.0,0.0,0.0,0,0.0,0.0,0,0.0,0.0,0,0.5,0.0,1.0,0.0,0.0,0.0,0.0,0.0,,,,,,,0.0,0.0,0.0,0.0,0.0,0.0,0.0,0,-0.0,1.0,0.0,0.0,0,0,0.0,0.0,0.0,0.0,0.0,,
,5.0,0.0,DT,Thomas Booker IV,350,23512,LV,13,LAC,0.0,0.0,0.0,0.0,0.0,0,0.0,0.0,0,0.0,0.0,0,4.0,3.0,2.0,0.0,0.0,0.0,0.0,0.0,,,,,,,0.0,0.0,0.0,0.0,0.0,0.0,0.0,0,-0.0,2.0,3.0,0.0,0,0,0.0,0.0,0.0,0.0,0.0,,
,1.0,0.0,DT,Tim Settle Jr.,718,20002,HOU,13,IND,0.0,0.0,0.0,0.0,0.0,0,0.0,0.0,0,0.0,0.0,0,0.5,0.0,1.0,0.0,0.0,0.0,0.0,0.0,,,,,,,0.0,0.0,0.0,0.0,0.0,0.0,0.0,0,-0.0,1.0,0.0,0.0,0,0,0.0,0.0,0.0,0.0,0.0,,
,4.0,0.0,DT,Tommy Togiai,465,22780,HOU,13,IND,0.0,0.0,0.0,0.0,0.0,0,0.0,0.0,0,0.0,0.0,0,2.5,1.0,3.0,0.0,0.0,0.0,0.0,0.0,,,,,,,0.0,0.0,0.0,0.0,0.0,0.0,0.0,0,-0.0,3.0,1.0,0.0,0,0,0.0,0.0,0.0,0.0,0.0,,
,2.0,0.0,DT,Ty Hamilton,646,26220,LAR,13,CAR,0.0,0.0,0.0,0.0,0.0,0,0.0,0.0,0,0.0,0.0,0,1.0,0.0,2.0,0.0,0.0,0.0,0.0,0.0,,,,,,,0.0,0.0,0.0,0.0,0.0,0.0,0.0,0,-0.0,2.0,0.0,0.0,0,0,0.0,0.0,0.0,0.0,0.0,,
,5.0,0.0,DT,Zach Sieler,226,20051,MIA,13,NO,0.0,0.0,0.0,0.0,0.0,0,0.0,0.0,0,0.0,0.0,1,6.5,2.0,1.0,1.0,0.0,0.0,0.0,0.0,,,,,,,0.0,0.0,0.0,0.0,0.0,0.0,0.0,0,-0.0,1.0,2.0,0.0,0,0,0.0,0.0,0.0,1.0,2.0,,
,5.0,0.0,DT,Zeek Biggers,446,26169,MIA,13,NO,0.0,0.0,0.0,0.0,0.0,0,0.0,0.0,1,0.0,0.0,0,2.8,0.0,1.0,0.0,3.0,1.0,0.0,0.0,,,,,,,0.0,0.0,0.0,0.0,0.0,0.0,0.0,0,-0.0,1.0,0.0,0.0,4,0,0.0,0.0,0.0,0.0,0.0,,
,,0.0,FB,Andrew Beck,918,21227,NYJ,13,ATL,0.0,0.0,0.0,0.0,0.0,0,0.0,0.0,0,0.0,0.0,0,0.0,,,,,,,,,,,,,,0.0,0.0,0.0,0.0,0.0,0.0,0.0,0,-0.0,,,,0,0,0.0,,0.0,0.0,0.0,,
,,2.0,FB,Kyle Juszczyk,450,14901,SF,13,CLE,0.0,0.0,0.0,0.0,0.0,2,27.0,0.0,0,0.0,0.0,0,2.7,,,,,,,,,,,,,,0.0,0.0,2.0,2.0,0.0,0.0,0.0,0,-0.0,,,,0,0,0.0,,0.0,0.0,0.0,,
,,0.0,FB,Reggie Gilliam,893,22206,BUF,13,PIT,0.0,0.0,0.0,0.0,0.0,0,0.0,0.0,0,0.0,0.0,0,0.0,,,,,,,,,,,,,,0.0,0.0,0.0,0.0,0.0,0.0,0.0,0,-0.0,,,,0,0,0.0,,0.0,0.0,0.0,,
,10.0,0.0,FS,Coby Bryant,240,23423,SEA,13,MIN,0.0,0.0,0.0,0.0,0.0,0,0.0,0.0,0,1.0,0.0,0,6.0,1.0,2.0,0.0,0.0,0.0,1.0,0.0,,,,,,,0.0,0.0,0.0,0.0,0.0,0.0,0.0,0,-0.0,2.0,1.0,1.0,0,0,6.0,0.0,0.0,0.0,0.0,,
,4.0,0.0,FS,Ty Okada,284,24646,SEA,13,MIN,0.0,0.0,0.0,0.0,0.0,0,0.0,0.0,0,0.0,0.0,1,5.0,2.0,0.0,0.0,0.0,0.0,0.0,0.0,,,,,,,0.0,0.0,0.0,0.0,0.0,0.0,0.0,0,-0.0,0.0,2.0,0.0,0,0,0.0,0.0,0.0,1.0,2.0,,
,,0.0,G,Peter Skoronski,877,24128,TEN,13,JAX,0.0,0.0,0.0,0.0,0.0,0,0.0,0.0,0,0.0,0.0,0,0.0,,,,,,,,,,,,,,0.0,0.0,0.0,0.0,0.0,0.0,0.0,0,-0.0,,,,0,0,0.0,,0.0,0.0,0.0,,
,,0.0,G,Will Fries,865,22817,MIN,13,SEA,0.0,0.0,0.0,0.0,0.0,0,0.0,0.0,0,0.0,0.0,0,0.0,,,,,,,,,,,,,,0.0,0.0,0.0,0.0,0.0,0.0,0.0,0,-0.0,,,,0,0,0.0,,0.0,0.0,0.0,,
,10.0,0.0,ILB,Akeem Davis-Gaither,201,21999,ARI,13,TB,0.0,0.0,0.0,0.0,0.0,0,0.0,0.0,0,0.0,0.0,0,7.0,4.0,6.0,0.0,0.0,0.0,0.0,0.0,,,,,,,0.0,0.0,0.0,0.0,0.0,0.0,0.0,0,-0.0,6.0,4.0,0.0,0,0,0.0,0.0,0.0,0.0,0.0,,
,2.0,0.0,ILB,Cody Barton,409,21025,TEN,13,JAX,0.0,0.0,0.0,0.0,0.0,0,0.0,0.0,0,0.0,0.0,0,3.0,2.0,0.0,1.0,0.0,0.0,0.0,0.0,,,,,,,0.0,0.0,0.0,0.0,0.0,0.0,0.0,0,-0.0,0.0,2.0,0.0,0,0,0.0,0.0,0.0,0.0,0.0,,
,9.0,0.0,ILB,Cody Simon,224,26074,ARI,13,TB,0.0,0.0,0.0,0.0,0.0,0,0.0,0.0,0,0.0,0.0,0,6.5,4.0,5.0,0.0,0.0,0.0,0.0,0.0,,,,,,,0.0,0.0,0.0,0.0,0.0,0.0,0.0,0,-0.0,5.0,4.0,0.0,0,0,0.0,0.0,0.0,0.0,0.0,,
,7.0,0.0,ILB,Devin Bush,330,21054,CLE,13,SF,0.0,0.0,0.0,0.0,0.0,0,0.0,0.0,0,0.0,0.0,0,4.0,1.0,6.0,0.0,0.0,0.0,0.0,0.0,,,,,,,0.0,0.0,0.0,0.0,0.0,0.0,0.0,0,-0.0,6.0,1.0,0.0,0,0,0.0,0.0,0.0,0.0,0.0,,
,8.0,0.0,ILB,Divine Deablo,119,22767,ATL,13,NYJ,0.0,0.0,0.0,0.0,0.0,0,0.0,0.0,0,0.0,0.0,0,9.5,7.0,1.0,2.0,0.0,0.0,0.0,0.0,,,,,,,0.0,0.0,0.0,0.0,0.0,0.0,0.0,0,-0.0,1.0,7.0,0.0,0,0,0.0,0.0,0.0,0.0,0.0,,
,1.0,0.0,ILB,JD Bertrand,689,25264,ATL,13,NYJ,0.0,0.0,0.0,0.0,0.0,0,0.0,0.0,0,0.0,0.0,0,0.5,0.0,1.0,0.0,0.0,0.0,0.0,0.0,,,,,,,0.0,0.0,0.0,0.0,0.0,0.0,0.0,0,-0.0,1.0,0.0,0.0,0,0,0.0,0.0,0.0,0.0,0.0,,
,8.0,0.0,ILB,Kaden Elliss,242,21134,ATL,13,NYJ,0.0,0.0,0.0,0.0,0.0,0,0.0,0.0,0,0.0,0.0,0,6.0,4.0,4.0,0.0,0.0,0.0,0.0,0.0,,,,,,,0.0,0.0,0.0,0.0,0.0,0.0,0.0,0,-0.0,4.0,4.0,0.0,0,0,0.0,0.0,0.0,0.0,0.0,,
,4.0,0.0,ILB,Krys Barnes,519,22266,CAR,13,LAR,0.0,0.0,0.0,0.0,0.0,0,0.0,0.0,0,0.0,0.0,0,2.0,0.0,4.0,0.0,0.0,0.0,0.0,0.0,,,,,,,0.0,0.0,0.0,0.0,0.0,0.0,0.0,0,-0.0,4.0,0.0,0.0,0,0,0.0,0.0,0.0,0.0,0.0,,
,1.0,0.0,ILB,Mykal Walker,624,21989,NYJ,13,ATL,0.0,0.0,0.0,0.0,0.0,0,0.0,0.0,0,0.0,0.0,0,1.0,1.0,0.0,0.0,0.0,0.0,0.0,0.0,,,,,,,0.0,0.0,0.0,0.0,0.0,0.0,0.0,0,-0.0,0.0,1.0,0.0,0,0,0.0,0.0,0.0,0.0,0.0,,
,8.0,0.0,ILB,Nate Landman,262,23539,LAR,13,CAR,0.0,0.0,0.0,0.0,0.0,0,0.0,0.0,0,0.0,0.0,0,5.5,3.0,5.0,0.0,0.0,0.0,0.0,0.0,,,,,,,0.0,0.0,0.0,0.0,0.0,0.0,0.0,0,-0.0,5.0,3.0,0.0,0,0,0.0,0.0,0.0,0.0,0.0,,
,7.0,0.0,ILB,Omar Speights,287,25542,LAR,13,CAR,0.0,0.0,0.0,0.0,0.0,0,0.0,0.0,0,0.0,0.0,0,5.0,3.0,4.0,0.0,0.0,0.0,0.0,0.0,,,,,,,0.0,0.0,0.0,0.0,0.0,0.0,0.0,0,-0.0,4.0,3.0,0.0,0,0,0.0,0.0,0.0,0.0,0.0,,
,8.0,0.0,ILB,Patrick Queen,159,21982,PIT,13,BUF,0.0,0.0,0.0,0.0,0.0,0,0.0,0.0,0,0.0,0.0,1,8.0,2.0,4.0,0.0,0.0,1.0,0.0,0.0,,,,,,,0.0,0.0,0.0,0.0,0.0,0.0,0.0,0,-0.0,4.0,2.0,0.0,0,0,0.0,0.0,0.0,1.0,2.0,,
,1.0,0.0,ILB,Ronnie Harrison Jr.,693,19904,ATL,13,NYJ,0.0,0.0,0.0,0.0,0.0,0,0.0,0.0,0,0.0,0.0,0,0.5,0.0,1.0,0.0,0.0,0.0,0.0,0.0,,,,,,,0.0,0.0,0.0,0.0,0.0,0.0,0.0,0,-0.0,1.0,0.0,0.0,0,0,0.0,0.0,0.0,0.0,0.0,,
,0.0,0.0,ILB,Shaun Dolac,789,26306,LAR,13,CAR,0.0,0.0,0.0,0.0,0.0,0,0.0,0.0,0,0.0,0.0,0,0.0,0.0,0.0,0.0,0.0,0.0,0.0,0.0,,,,,,,0.0,0.0,0.0,0.0,0.0,0.0,0.0,0,-0.0,0.0,0.0,0.0,0,0,0.0,0.0,0.0,0.0,0.0,,
,1.0,0.0,ILB,Troy Reeder,644,21332,LAR,13,CAR,0.0,0.0,0.0,0.0,0.0,0,0.0,0.0,0,0.0,0.0,0,1.0,1.0,0.0,0.0,0.0,0.0,0.0,0.0,,,,,,,0.0,0.0,0.0,0.0,0.0,0.0,0.0,0,-0.0,0.0,1.0,0.0,0,0,0.0,0.0,0.0,0.0,0.0,,
,,0.0,LS,Liam McCullough,910,22306,ATL,13,NYJ,0.0,0.0,0.0,0.0,0.0,0,0.0,0.0,0,0.0,0.0,0,0.0,,,,,,,,,,,,,,0.0,0.0,0.0,0.0,0.0,0.0,0.0,0,-0.0,,,,0,0,0.0,,0.0,0.0,0.0,,
,,0.0,LS,Ross Matiscik,886,22291,JAX,13,TEN,0.0,0.0,0.0,0.0,0.0,0,0.0,0.0,0,0.0,0.0,0,0.0,,,,,,,,,,,,,,0.0,0.0,0.0,0.0,0.0,0.0,0.0,0,-0.0,,,,0,0,0.0,,0.0,0.0,0.0,,
,,0.0,LS,William Wagner,963,26552,CIN,13,BAL,0.0,0.0,0.0,0.0,0.0,0,0.0,0.0,0,0.0,0.0,0,0.0,,,,,,,,,,,,,,0.0,0.0,0.0,0.0,0.0,0.0,0.0,0,-0.0,,,,0,0,0.0,,0.0,0.0,0.0,,
,4.0,0.0,NT,Poona Ford,434,20185,LAR,13,CAR,0.0,0.0,0.0,0.0,0.0,0,0.0,0.0,0,0.0,0.0,0,3.0,2.0,2.0,0.0,0.0,0.0,0.0,0.0,,,,,,,0.0,0.0,0.0,0.0,0.0,0.0,0.0,0,-0.0,2.0,2.0,0.0,0,0,0.0,0.0,0.0,0.0,0.0,,
,3.0,0.0,NT,T'Vondre Sweat,476,25031,TEN,13,JAX,0.0,0.0,0.0,0.0,0.0,0,0.0,0.0,0,0.0,0.0,0,2.5,2.0,1.0,0.0,0.0,0.0,0.0,0.0,,,,,,,0.0,0.0,0.0,0.0,0.0,0.0,0.0,0,-0.0,1.0,2.0,0.0,0,0,0.0,0.0,0.0,0.0,0.0,,
,6.0,0.0,NT,Vita Vea,142,19834,TB,13,ARI,0.0,0.0,0.0,0.0,0.0,0,0.0,0.0,1,0.0,0.0,0,8.3,1.0,1.0,1.0,8.0,3.0,0.0,0.0,,,,,,,0.0,0.0,0.0,0.0,0.0,0.0,0.0,0,-0.0,1.0,1.0,0.0,4,0,0.0,0.0,0.0,0.0,0.0,,
,9.0,0.0,OLB,Andrew Van Ginkel,140,20971,MIN,13,SEA,0.0,0.0,0.0,0.0,0.0,0,0.0,0.0,1,0.0,0.0,0,8.5,3.0,2.0,1.0,5.0,1.0,0.0,0.0,,,,,,,0.0,0.0,0.0,0.0,0.0,0.0,0.0,0,-0.0,2.0,3.0,0.0,4,0,0.0,0.0,0.0,0.0,0.0,,
,4.0,0.0,OLB,Anthony Nelson,420,20894,TB,13,ARI,0.0,0.0,0.0,0.0,0.0,0,0.0,0.0,0,0.0,0.0,0,3.0,2.0,2.0,0.0,0.0,0.0,0.0,0.0,,,,,,,0.0,0.0,0.0,0.0,0.0,0.0,0.0,0,-0.0,2.0,2.0,0.0,0,0,0.0,0.0,0.0,0.0,0.0,,
,3.0,0.0,OLB,Arden Key,558,19896,TEN,13,JAX,0.0,0.0,0.0,0.0,0.0,0,0.0,0.0,0,0.0,0.0,0,1.5,0.0,3.0,0.0,0.0,0.0,0.0,0.0,,,,,,,0.0,0.0,0.0,0.0,0.0,0.0,0.0,0,-0.0,3.0,0.0,0.0,0,0,0.0,0.0,0.0,0.0,0.0,,
,2.0,0.0,OLB,Arnold Ebiketie,463,23386,ATL,13,NYJ,0.0,0.0,0.0,0.0,0.0,0,0.0,0.0,0,0.0,0.0,0,2.5,1.0,1.0,0.0,0.0,1.0,0.0,0.0,,,,,,,0.0,0.0,0.0,0.0,0.0,0.0,0.0,0,-0.0,1.0,1.0,0.0,0,0,0.0,0.0,0.0,0.0,0.0,,
,4.0,0.0,OLB,Baron Browning,415,22727,ARI,13,TB,0.0,0.0,0.0,0.0,0.0,0,0.0,0.0,0,0.0,0.0,0,3.0,2.0,2.0,0.0,0.0,0.0,0.0,0.0,,,,,,,0.0,0.0,0.0,0.0,0.0,0.0,0.0,0,-0.0,2.0,2.0,0.0,0,0,0.0,0.0,0.0,0.0,0.0,,
,1.0,0.0,OLB,BJ Ojulari,690,24092,ARI,13,TB,0.0,0.0,0.0,0.0,0.0,0,0.0,0.0,0,0.0,0.0,0,0.5,0.0,1.0,0.0,0.0,0.0,0.0,0.0,,,,,,,0.0,0.0,0.0,0.0,0.0,0.0,0.0,0,-0.0,1.0,0.0,0.0,0,0,0.0,0.0,0.0,0.0,0.0,,
,2.0,0.0,OLB,Bo Richter,565,25433,MIN,13,SEA,0.0,0.0,0.0,0.0,0.0,0,0.0,0.0,0,0.0,0.0,0,1.5,1.0,1.0,0.0,0.0,0.0,0.0,0.0,,,,,,,0.0,0.0,0.0,0.0,0.0,0.0,0.0,0,-0.0,1.0,1.0,0.0,0,0,0.0,0.0,0.0,0.0,0.0,,
,6.0,0.0,OLB,Bud Dupree,214,16783,LAC,13,LV,0.0,0.0,0.0,0.0,0.0,0,0.0,0.0,1,0.0,0.0,0,6.7,2.0,0.0,1.0,7.0,1.0,0.0,0.0,,,,,,,0.0,0.0,0.0,0.0,0.0,0.0,0.0,0,-0.0,0.0,2.0,0.0,4,0,0.0,0.0,0.0,0.0,0.0,,
,12.0,0.0,OLB,Byron Young,78,24253,LAR,13,CAR,0.0,0.0,0.0,0.0,0.0,0,0.0,0.0,1,0.0,0.0,0,11.3,5.0,3.0,1.0,8.0,1.0,0.0,0.0,,,,,,,0.0,0.0,0.0,0.0,0.0,0.0,0.0,0,-0.0,3.0,5.0,0.0,4,0,0.0,0.0,0.0,0.0,0.0,,
,1.0,0.0,OLB,Chris Braswell,607,24988,TB,13,ARI,0.0,0.0,0.0,0.0,0.0,0,0.0,0.0,0,0.0,0.0,0,1.0,1.0,0.0,0.0,0.0,0.0,0.0,0.0,,,,,,,0.0,0.0,0.0,0.0,0.0,0.0,0.0,0,-0.0,0.0,1.0,0.0,0,0,0.0,0.0,0.0,0.0,0.0,,
,3.0,0.0,OLB,D.J. Wonnum,392,21909,CAR,13,LAR,0.0,0.0,0.0,0.0,0.0,0,0.0,0.0,0,0.0,0.0,1,3.5,0.0,1.0,0.0,0.0,0.0,0.0,0.0,,,,,,,0.0,0.0,0.0,0.0,0.0,0.0,0.0,0,-0.0,1.0,0.0,0.0,0,0,0.0,0.0,0.0,1.0,2.0,,
,22.0,0.0,OLB,Dallas Turner,7,24931,MIN,13,SEA,0.0,0.0,0.0,0.0,0.0,0,0.0,0.0,2,0.0,2.0,0,22.1,4.0,1.0,2.0,16.0,3.0,1.0,0.0,,,,,,,0.0,0.0,0.0,0.0,0.0,0.0,0.0,0,-0.0,1.0,4.0,1.0,8,0,0.0,0.0,8.0,0.0,0.0,,
,10.0,0.0,OLB,DeMarcus Lawrence,94,16366,SEA,13,MIN,0.0,0.0,0.0,0.0,0.0,0,0.0,0.0,1,0.0,1.0,0,10.6,2.0,0.0,1.0,6.0,2.0,0.0,0.0,,,,,,,0.0,0.0,0.0,0.0,0.0,0.0,0.0,0,-0.0,0.0,2.0,0.0,4,0,0.0,0.0,4.0,0.0,0.0,,
,2.0,0.0,OLB,Dennis Gardeck,477,20085,JAX,13,TEN,0.0,0.0,0.0,0.0,0.0,0,0.0,0.0,0,0.0,0.0,0,2.5,0.0,1.0,0.0,0.0,1.0,1.0,0.0,,,,,,,0.0,0.0,0.0,0.0,0.0,0.0,0.0,0,-0.0,1.0,0.0,1.0,0,0,0.0,0.0,0.0,0.0,0.0,,
,1.0,0.0,OLB,Derick Hall,728,24249,SEA,13,MIN,0.0,0.0,0.0,0.0,0.0,0,0.0,0.0,0,0.0,0.0,0,0.5,0.0,1.0,0.0,0.0,0.0,0.0,0.0,,,,,,,0.0,0.0,0.0,0.0,0.0,0.0,0.0,0,-0.0,1.0,0.0,0.0,0,0,0.0,0.0,0.0,0.0,0.0,,
,2.0,0.0,OLB,Haason Reddick,560,18909,TB,13,ARI,0.0,0.0,0.0,0.0,0.0,0,0.0,0.0,0,0.0,0.0,0,1.5,1.0,1.0,0.0,0.0,0.0,0.0,0.0,,,,,,,0.0,0.0,0.0,0.0,0.0,0.0,0.0,0,-0.0,1.0,1.0,0.0,0,0,0.0,0.0,0.0,0.0,0.0,,
,4.0,0.0,OLB,Jared Verse,383,24139,LAR,13,CAR,0.0,0.0,0.0,0.0,0.0,0,0.0,0.0,0,0.0,0.0,0,3.5,3.0,1.0,0.0,0.0,0.0,0.0,0.0,,,,,,,0.0,0.0,0.0,0.0,0.0,0.0,0.0,0,-0.0,1.0,3.0,0.0,0,0,0.0,0.0,0.0,0.0,0.0,,
,1.0,0.0,OLB,Jaylen Harrell,740,25222,TEN,13,JAX,0.0,0.0,0.0,0.0,0.0,0,0.0,0.0,0,0.0,0.0,0,0.5,0.0,1.0,0.0,0.0,0.0,0.0,0.0,,,,,,,0.0,0.0,0.0,0.0,0.0,0.0,0.0,0,-0.0,1.0,0.0,0.0,0,0,0.0,0.0,0.0,0.0,0.0,,
,6.0,0.0,OLB,Jihad Ward,188,17978,TEN,13,JAX,0.0,0.0,0.0,0.0,0.0,0,0.0,0.0,1,0.0,0.0,0,7.2,1.0,1.0,1.0,7.0,2.0,0.0,0.0,,,,,,,0.0,0.0,0.0,0.0,0.0,0.0,0.0,0,-0.0,1.0,1.0,0.0,4,0,0.0,0.0,0.0,0.0,0.0,,
,1.0,0.0,OLB,Jonathan Greenard,676,21879,MIN,13,SEA,0.0,0.0,0.0,0.0,0.0,0,0.0,0.0,0,0.0,0.0,0,0.5,0.0,1.0,0.0,0.0,0.0,0.0,0.0,,,,,,,0.0,0.0,0.0,0.0,0.0,0.0,0.0,0,-0.0,1.0,0.0,0.0,0,0,0.0,0.0,0.0,0.0,0.0,,
,1.0,0.0,OLB,Jordan Burch,692,26202,ARI,13,TB,0.0,0.0,0.0,0.0,0.0,0,0.0,0.0,0,0.0,0.0,0,0.5,0.0,1.0,0.0,0.0,0.0,0.0,0.0,,,,,,,0.0,0.0,0.0,0.0,0.0,0.0,0.0,0,-0.0,1.0,0.0,0.0,0,0,0.0,0.0,0.0,0.0,0.0,,
,2.0,0.0,OLB,Josaiah Stewart,561,26203,LAR,13,CAR,0.0,0.0,0.0,0.0,0.0,0,0.0,0.0,0,0.0,0.0,0,1.5,1.0,1.0,0.0,0.0,0.0,0.0,0.0,,,,,,,0.0,0.0,0.0,0.0,0.0,0.0,0.0,0,-0.0,1.0,1.0,0.0,0,0,0.0,0.0,0.0,0.0,0.0,,
,16.0,0.0,OLB,Josh Sweat,57,19918,ARI,13,TB,0.0,0.0,0.0,0.0,0.0,0,0.0,0.0,2,0.0,1.0,0,13.5,3.0,1.0,1.0,10.0,1.0,0.0,0.0,,,,,,,0.0,0.0,0.0,0.0,0.0,0.0,0.0,0,-0.0,1.0,3.0,0.0,8,0,0.0,0.0,4.0,0.0,0.0,,
,12.0,0.0,OLB,Khalil Mack,125,16323,LAC,13,LV,0.0,0.0,0.0,0.0,0.0,0,0.0,0.0,1,0.0,1.0,0,9.4,2.0,2.0,0.0,4.0,2.0,0.0,0.0,,,,,,,0.0,0.0,0.0,0.0,0.0,0.0,0.0,0,-0.0,2.0,2.0,0.0,4,0,0.0,0.0,4.0,0.0,0.0,,
,1.0,0.0,OLB,Markees Watts,688,24864,TB,13,ARI,0.0,0.0,0.0,0.0,0.0,0,0.0,0.0,0,0.0,0.0,0,0.5,0.0,1.0,0.0,0.0,0.0,0.0,0.0,,,,,,,0.0,0.0,0.0,0.0,0.0,0.0,0.0,0,-0.0,1.0,0.0,0.0,0,0,0.0,0.0,0.0,0.0,0.0,,
,2.0,0.0,OLB,Matthew Judon,341,18064,MIA,13,NO,0.0,0.0,0.0,0.0,0.0,0,0.0,0.0,0,0.0,0.0,0,4.0,1.0,0.0,0.0,0.0,2.0,1.0,0.0,,,,,,,0.0,0.0,0.0,0.0,0.0,0.0,0.0,0,-0.0,0.0,1.0,1.0,0,0,0.0,0.0,0.0,0.0,0.0,,
,1.0,0.0,OLB,Nic Scourton,637,25995,CAR,13,LAR,0.0,0.0,0.0,0.0,0.0,0,0.0,0.0,0,0.0,0.0,0,1.0,1.0,0.0,0.0,0.0,0.0,0.0,0.0,,,,,,,0.0,0.0,0.0,0.0,0.0,0.0,0.0,0,-0.0,0.0,1.0,0.0,0,0,0.0,0.0,0.0,0.0,0.0,,
,2.0,0.0,OLB,Nick Hampton,520,24266,LAR,13,CAR,0.0,0.0,0.0,0.0,0.0,0,0.0,0.0,0,0.0,0.0,0,2.0,2.0,0.0,0.0,0.0,0.0,0.0,0.0,,,,,,,0.0,0.0,0.0,0.0,0.0,0.0,0.0,0,-0.0,0.0,2.0,0.0,0,0,0.0,0.0,0.0,0.0,0.0,,
,0.0,0.0,OLB,Odafe Oweh,617,22867,LAC,13,LV,0.0,0.0,0.0,0.0,0.0,0,0.0,0.0,0,0.0,0.0,0,1.0,0.0,0.0,0.0,0.0,1.0,0.0,0.0,,,,,,,0.0,0.0,0.0,0.0,0.0,0.0,0.0,0,-0.0,0.0,0.0,0.0,0,0,0.0,0.0,0.0,0.0,0.0,,
,1.0,0.0,OLB,Princely Umanmielen,698,26019,CAR,13,LAR,0.0,0.0,0.0,0.0,0.0,0,0.0,0.0,0,0.0,0.0,0,0.5,0.0,1.0,0.0,0.0,0.0,0.0,0.0,,,,,,,0.0,0.0,0.0,0.0,0.0,0.0,0.0,0,-0.0,1.0,0.0,0.0,0,0,0.0,0.0,0.0,0.0,0.0,,
,9.0,0.0,OLB,Shaq Thompson,205,16786,BUF,13,PIT,0.0,0.0,0.0,0.0,0.0,0,0.0,0.0,0,0.0,0.0,0,7.0,5.0,4.0,0.0,0.0,0.0,0.0,0.0,,,,,,,0.0,0.0,0.0,0.0,0.0,0.0,0.0,0,-0.0,4.0,5.0,0.0,0,0,0.0,0.0,0.0,0.0,0.0,,
,1.0,0.0,OLB,Thomas Incoom,657,24250,CAR,13,LAR,0.0,0.0,0.0,0.0,0.0,0,0.0,0.0,0,0.0,0.0,0,1.0,1.0,0.0,0.0,0.0,0.0,0.0,0.0,,,,,,,0.0,0.0,0.0,0.0,0.0,0.0,0.0,0,-0.0,0.0,1.0,0.0,0,0,0.0,0.0,0.0,0.0,0.0,,
,1.0,0.0,OLB,Truman Jones,741,24634,TEN,13,JAX,0.0,0.0,0.0,0.0,0.0,0,0.0,0.0,0,0.0,0.0,0,0.5,0.0,1.0,0.0,0.0,0.0,0.0,0.0,,,,,,,0.0,0.0,0.0,0.0,0.0,0.0,0.0,0,-0.0,1.0,0.0,0.0,0,0,0.0,0.0,0.0,0.0,0.0,,
,16.0,0.0,OLB,Tuli Tuipulotu,23,24085,LAC,13,LV,0.0,0.0,0.0,0.0,0.0,0,0.0,0.0,2,0.0,0.0,0,18.6,5.0,2.0,4.0,16.0,2.0,1.0,0.0,,,,,,,0.0,0.0,0.0,0.0,0.0,0.0,0.0,0,-0.0,2.0,5.0,1.0,8,0,0.0,0.0,0.0,0.0,0.0,,
,6.0,0.0,OLB,Yaya Diaby,215,24277,TB,13,ARI,0.0,0.0,0.0,0.0,0.0,0,0.0,0.0,1,0.0,0.0,0,6.7,1.0,1.0,1.0,2.0,2.0,0.0,0.0,,,,,,,0.0,0.0,0.0,0.0,0.0,0.0,0.0,0,-0.0,1.0,1.0,0.0,4,0,0.0,0.0,0.0,0.0,0.0,,
,1.0,0.0,OLB,Zaven Collins,696,22697,ARI,13,TB,0.0,0.0,0.0,0.0,0.0,0,0.0,0.0,0,0.0,0.0,0,0.5,0.0,1.0,0.0,0.0,0.0,0.0,0.0,,,,,,,0.0,0.0,0.0,0.0,0.0,0.0,0.0,0,-0.0,1.0,0.0,0.0,0,0,0.0,0.0,0.0,0.0,0.0,,
,,0.0,OT,Dillon Radunz,938,22857,NO,13,MIA,0.0,0.0,0.0,0.0,0.0,0,0.0,0.0,0,0.0,0.0,0,0.0,,,,,,,,,,,,,,0.0,0.0,0.0,0.0,0.0,0.0,0.0,0,-0.0,,,,0,0,0.0,,0.0,0.0,0.0,,
,,6.0,OT,Tristan Wirfs,236,22033,TB,13,ARI,0.0,0.0,0.0,0.0,0.0,1,2.0,1.0,0,0.0,0.0,0,6.2,,,,,,,,,,,,,,0.0,0.0,0.0,0.0,6.0,0.0,0.0,0,-0.0,,,,0,0,0.0,,0.0,0.0,0.0,,
,,0.0,P,AJ Cole,903,21516,LV,13,LAC,0.0,0.0,0.0,0.0,0.0,0,0.0,0.0,0,0.0,0.0,0,0.0,,,,,,,,,,,,,,0.0,0.0,0.0,0.0,0.0,0.0,0.0,0,-0.0,,,,0,0,0.0,,0.0,0.0,0.0,,
,,0.0,P,Austin McNamara,916,25397,NYJ,13,ATL,0.0,0.0,0.0,0.0,0.0,0,0.0,0.0,0,0.0,0.0,0,0.0,,,,,,,,,,,,,,0.0,0.0,0.0,0.0,0.0,0.0,0.0,0,-0.0,,,,0,0,0.0,,0.0,0.0,0.0,,
,,0.0,P,Bradley Pinion,919,16925,ATL,13,NYJ,0.0,0.0,0.0,0.0,0.0,0,0.0,0.0,0,0.0,0.0,0,0.0,,,,,,,,,,,,,,0.0,0.0,0.0,0.0,0.0,0.0,0.0,0,-0.0,,,,0,0,0.0,,0.0,0.0,0.0,,
,,0.0,P,Corey Bojorquez,838,20512,CLE,13,SF,0.0,0.0,0.0,0.0,0.0,0,0.0,0.0,0,0.0,0.0,0,0.0,,,,,,,,,,,,,,0.0,0.0,0.0,0.0,0.0,0.0,0.0,0,-0.0,,,,0,0,0.0,,0.0,0.0,0.0,,
,,0.0,P,Corliss Waitman,892,22218,PIT,13,BUF,0.0,0.0,0.0,0.0,0.0,0,0.0,0.0,0,0.0,0.0,0,0.0,,,,,,,,,,,,,,0.0,0.0,0.0,0.0,0.0,0.0,0.0,0,-0.0,,,,0,0,0.0,,0.0,0.0,0.0,,
,,0.0,P,Ethan Evans,788,24491,LAR,13,CAR,0.0,0.0,0.0,0.0,0.0,0,0.0,0.0,0,0.0,0.0,0,0.0,,,,,,,,,,,,,,0.0,0.0,0.0,0.0,0.0,0.0,0.0,0,-0.0,,,,0,0,0.0,,0.0,0.0,0.0,,
,,0.0,P,Jake Bailey,936,21017,MIA,13,NO,0.0,0.0,0.0,0.0,0.0,0,0.0,0.0,0,0.0,0.0,0,0.0,,,,,,,,,,,,,,0.0,0.0,0.0,0.0,0.0,0.0,0.0,0,-0.0,,,,0,0,0.0,,0.0,0.0,0.0,,
,,0.0,P,JK Scott,899,19977,LAC,13,LV,0.0,0.0,0.0,0.0,0.0,0,0.0,0.0,0,0.0,0.0,0,0.0,,,,,,,,,,,,,,0.0,0.0,0.0,0.0,0.0,0.0,0.0,0,-0.0,,,,0,0,0.0,,0.0,0.0,0.0,,
,,0.0,P,Johnny Hekker,885,14409,TEN,13,JAX,0.0,0.0,0.0,0.0,0.0,0,0.0,0.0,0,0.0,0.0,0,0.0,,,,,,,,,,,,,,0.0,0.0,0.0,0.0,0.0,0.0,0.0,0,-0.0,,,,0,0,0.0,,0.0,0.0,0.0,,
,,0.0,P,Kai Kroeger,939,26692,NO,13,MIA,0.0,0.0,0.0,0.0,0.0,0,0.0,0.0,0,0.0,0.0,0,0.0,,,,,,,,,,,,,,0.0,0.0,0.0,0.0,0.0,0.0,0.0,0,-0.0,,,,0,0,0.0,,0.0,0.0,0.0,,
,,0.0,P,Logan Cooke,884,20063,JAX,13,TEN,0.0,0.0,0.0,0.0,0.0,0,0.0,0.0,0,0.0,0.0,0,0.0,,,,,,,,,,,,,,0.0,0.0,0.0,0.0,0.0,0.0,0.0,0,-0.0,,,,0,0,0.0,,0.0,0.0,0.0,,
,,0.0,P,Matt Haack,914,19249,ARI,13,TB,0.0,0.0,0.0,0.0,0.0,0,0.0,0.0,0,0.0,0.0,0,0.0,,,,,,,,,,,,,,0.0,0.0,0.0,0.0,0.0,0.0,0.0,0,-0.0,,,,0,0,0.0,,0.0,0.0,0.0,,
,,0.0,P,Michael Dickson,871,19956,SEA,13,MIN,0.0,0.0,0.0,0.0,0.0,0,0.0,0.0,0,0.0,0.0,0,0.0,,,,,,,,,,,,,,0.0,0.0,0.0,0.0,0.0,0.0,0.0,0,-0.0,,,,0,0,0.0,,0.0,0.0,0.0,,
,,0.0,P,Mitch Wishnowsky,894,20996,BUF,13,PIT,0.0,0.0,0.0,0.0,0.0,0,0.0,0.0,0,0.0,0.0,0,0.0,,,,,,,,,,,,,,0.0,0.0,0.0,0.0,0.0,0.0,0.0,0,-0.0,,,,0,0,0.0,,0.0,0.0,0.0,,
,,0.0,P,Rigoberto Sanchez,929,19187,IND,13,HOU,0.0,0.0,0.0,0.0,0.0,0,0.0,0.0,0,0.0,0.0,0,0.0,,,,,,,,,,,,,,0.0,0.0,0.0,0.0,0.0,0.0,0.0,0,-0.0,,,,0,0,0.0,,0.0,0.0,0.0,,
,,0.0,P,Riley Dixon,907,18144,TB,13,ARI,0.0,0.0,0.0,0.0,0.0,0,0.0,0.0,0,0.0,0.0,0,0.0,,,,,,,,,,,,,,0.0,0.0,0.0,0.0,0.0,0.0,0.0,0,-0.0,,,,0,0,0.0,,0.0,0.0,0.0,,
,,0.0,P,Ryan Wright,867,23671,MIN,13,SEA,0.0,0.0,0.0,0.0,0.0,0,0.0,0.0,0,0.0,0.0,0,0.0,,,,,,,,,,,,,,0.0,0.0,0.0,0.0,0.0,0.0,0.0,0,-0.0,,,,0,0,0.0,,0.0,0.0,0.0,,
,,0.0,P,Sam Martin,801,15125,CAR,13,LAR,0.0,0.0,0.0,0.0,0.0,0,0.0,0.0,0,0.0,0.0,0,0.0,,,,,,,,,,,,,,0.0,0.0,0.0,0.0,0.0,0.0,0.0,0,-0.0,,,,0,0,0.0,,0.0,0.0,0.0,,
,,0.0,P,Thomas Morstead,823,9201,SF,13,CLE,0.0,0.0,0.0,0.0,0.0,0,0.0,0.0,0,0.0,0.0,0,0.0,,,,,,,,,,,,,,0.0,0.0,0.0,0.0,0.0,0.0,0.0,0,-0.0,,,,0,0,0.0,,0.0,0.0,0.0,,
,,0.0,P,Tommy Townsend,930,22300,HOU,13,IND,0.0,0.0,0.0,0.0,0.0,0,0.0,0.0,0,0.0,0.0,0,0.0,,,,,,,,,,,,,,0.0,0.0,0.0,0.0,0.0,0.0,0.0,0,-0.0,,,,0,0,0.0,,0.0,0.0,0.0,,
,4.0,0.0,S,Amani Hooker,380,20811,TEN,13,JAX,0.0,0.0,0.0,0.0,0.0,0,0.0,0.0,0,0.0,0.0,0,3.5,1.0,3.0,1.0,0.0,0.0,0.0,0.0,,,,,,,0.0,0.0,0.0,0.0,0.0,0.0,0.0,0,-0.0,3.0,1.0,0.0,0,0,0.0,0.0,0.0,0.0,0.0,,
,5.0,0.0,S,Andrew Wingard,335,21281,JAX,13,TEN,0.0,0.0,0.0,0.0,0.0,0,0.0,0.0,0,0.0,0.0,0,4.0,1.0,2.0,0.0,0.0,0.0,2.0,0.0,,,,,,,0.0,0.0,0.0,0.0,0.0,0.0,0.0,0,-0.0,2.0,1.0,2.0,0,0,0.0,0.0,0.0,0.0,0.0,,
,14.0,0.0,S,Antoine Winfield Jr.,102,21940,TB,13,ARI,0.0,0.0,0.0,0.0,0.0,0,0.0,0.0,0,1.0,0.0,0,10.5,4.0,3.0,0.0,0.0,1.0,1.0,0.0,,,,,,,0.0,0.0,0.0,0.0,0.0,0.0,0.0,0,-0.0,3.0,4.0,1.0,0,0,6.0,0.0,0.0,0.0,0.0,,
,4.0,0.0,S,Antonio Johnson,406,24091,JAX,13,TEN,0.0,0.0,0.0,0.0,0.0,0,0.0,0.0,0,0.0,0.0,0,3.0,2.0,2.0,0.0,0.0,0.0,0.0,0.0,,,,,,,0.0,0.0,0.0,0.0,0.0,0.0,0.0,0,-0.0,2.0,2.0,0.0,0,0,0.0,0.0,0.0,0.0,0.0,,
,6.0,0.0,S,Ashtyn Davis,268,21925,MIA,13,NO,0.0,0.0,0.0,0.0,0.0,0,0.0,0.0,0,0.0,0.0,0,5.5,5.0,1.0,0.0,0.0,0.0,0.0,0.0,,,,,,,0.0,0.0,0.0,0.0,0.0,0.0,0.0,0,-0.0,1.0,5.0,0.0,0,0,0.0,0.0,0.0,0.0,0.0,,
,10.0,0.0,S,Budda Baker,166,18927,ARI,13,TB,0.0,0.0,0.0,0.0,0.0,0,0.0,0.0,0,0.0,0.0,0,8.0,3.0,6.0,1.0,0.0,0.0,1.0,0.0,,,,,,,0.0,0.0,0.0,0.0,0.0,0.0,0.0,0,-0.0,6.0,3.0,1.0,0,0,0.0,0.0,0.0,0.0,0.0,,
,8.0,0.0,S,Calen Bullock,218,24961,HOU,13,IND,0.0,0.0,0.0,0.0,0.0,0,0.0,0.0,0,0.0,0.0,0,6.5,4.0,3.0,0.0,0.0,0.0,1.0,0.0,,,,,,,0.0,0.0,0.0,0.0,0.0,0.0,0.0,0,-0.0,3.0,4.0,1.0,0,0,0.0,0.0,0.0,0.0,0.0,,
,13.0,0.0,S,Cam Bynum,106,22729,IND,13,HOU,0.0,0.0,0.0,0.0,0.0,0,0.0,0.0,0,1.0,0.0,0,10.0,4.0,2.0,1.0,0.0,0.0,1.0,0.0,,,,,,,0.0,0.0,0.0,0.0,0.0,0.0,0.0,0,-0.0,2.0,4.0,1.0,0,0,6.0,0.0,0.0,0.0,0.0,,
,1.0,0.0,S,Christopher Edmonds,706,25363,CLE,13,SF,0.0,0.0,0.0,0.0,0.0,0,0.0,0.0,0,0.0,0.0,0,0.5,0.0,1.0,0.0,0.0,0.0,0.0,0.0,,,,,,,0.0,0.0,0.0,0.0,0.0,0.0,0.0,0,-0.0,1.0,0.0,0.0,0,0,0.0,0.0,0.0,0.0,0.0,,
,1.0,0.0,S,Chuck Clark,747,19070,PIT,13,BUF,0.0,0.0,0.0,0.0,0.0,0,0.0,0.0,0,0.0,0.0,0,0.5,0.0,1.0,0.0,0.0,0.0,0.0,0.0,,,,,,,0.0,0.0,0.0,0.0,0.0,0.0,0.0,0,-0.0,1.0,0.0,0.0,0,0,0.0,0.0,0.0,0.0,0.0,,
,4.0,0.0,S,Cole Bishop,483,24941,BUF,13,PIT,0.0,0.0,0.0,0.0,0.0,0,0.0,0.0,0,0.0,0.0,0,2.5,1.0,3.0,0.0,0.0,0.0,0.0,0.0,,,,,,,0.0,0.0,0.0,0.0,0.0,0.0,0.0,0,-0.0,3.0,1.0,0.0,0,0,0.0,0.0,0.0,0.0,0.0,,
,3.0,0.0,S,Dante Trader Jr.,471,26140,MIA,13,NO,0.0,0.0,0.0,0.0,0.0,0,0.0,0.0,0,0.0,0.0,0,2.5,2.0,1.0,0.0,0.0,0.0,0.0,0.0,,,,,,,0.0,0.0,0.0,0.0,0.0,0.0,0.0,0,-0.0,1.0,2.0,0.0,0,0,0.0,0.0,0.0,0.0,0.0,,
,1.0,0.0,S,D'Anthony Bell,727,23910,SEA,13,MIN,0.0,0.0,0.0,0.0,0.0,0,0.0,0.0,0,0.0,0.0,0,0.5,0.0,1.0,0.0,0.0,0.0,0.0,0.0,,,,,,,0.0,0.0,0.0,0.0,0.0,0.0,0.0,0,-0.0,1.0,0.0,0.0,0,0,0.0,0.0,0.0,0.0,0.0,,
,2.0,0.0,S,Demani Richardson,567,25149,CAR,13,LAR,0.0,0.0,0.0,0.0,0.0,0,0.0,0.0,0,0.0,0.0,0,1.5,1.0,1.0,0.0,0.0,0.0,0.0,0.0,,,,,,,0.0,0.0,0.0,0.0,0.0,0.0,0.0,0,-0.0,1.0,1.0,0.0,0,0,0.0,0.0,0.0,0.0,0.0,,
,6.0,0.0,S,Derwin James Jr.,360,19837,LAC,13,LV,0.0,0.0,0.0,0.0,0.0,0,0.0,0.0,1,0.0,0.0,0,4.0,1.0,1.0,0.0,5.0,1.0,0.0,0.0,,,,,,,0.0,0.0,0.0,0.0,0.0,0.0,0.0,0,-0.0,1.0,1.0,0.0,4,0,0.0,0.0,0.0,0.0,0.0,,
,1.0,0.0,S,Donovan McMillon,734,26565,CLE,13,SF,0.0,0.0,0.0,0.0,0.0,0,0.0,0.0,0,0.0,0.0,0,0.5,0.0,1.0,0.0,0.0,0.0,0.0,0.0,,,,,,,0.0,0.0,0.0,0.0,0.0,0.0,0.0,0,-0.0,1.0,0.0,0.0,0,0,0.0,0.0,0.0,0.0,0.0,,
,1.0,0.0,S,George Odum,713,20492,IND,13,HOU,0.0,0.0,0.0,0.0,0.0,0,0.0,0.0,0,0.0,0.0,0,0.5,0.0,1.0,0.0,0.0,0.0,0.0,0.0,,,,,,,0.0,0.0,0.0,0.0,0.0,0.0,0.0,0,-0.0,1.0,0.0,0.0,0,0,0.0,0.0,0.0,0.0,0.0,,
,5.0,0.0,S,Grant Delpit,381,21918,CLE,13,SF,0.0,0.0,0.0,0.0,0.0,0,0.0,0.0,0,0.0,0.0,0,3.5,2.0,3.0,0.0,0.0,0.0,0.0,0.0,,,,,,,0.0,0.0,0.0,0.0,0.0,0.0,0.0,0,-0.0,3.0,2.0,0.0,0,0,0.0,0.0,0.0,0.0,0.0,,
,6.0,0.0,S,Harrison Smith,305,14461,MIN,13,SEA,0.0,0.0,0.0,0.0,0.0,0,0.0,0.0,0,0.0,0.0,0,4.5,2.0,3.0,0.0,0.0,0.0,1.0,0.0,,,,,,,0.0,0.0,0.0,0.0,0.0,0.0,0.0,0,-0.0,3.0,2.0,1.0,0,0,0.0,0.0,0.0,0.0,0.0,,
,7.0,0.0,S,Ifeatu Melifonwu,267,22910,MIA,13,NO,0.0,0.0,0.0,0.0,0.0,0,0.0,0.0,0,0.0,0.0,0,5.5,4.0,3.0,0.0,0.0,0.0,0.0,0.0,,,,,,,0.0,0.0,0.0,0.0,0.0,0.0,0.0,0,-0.0,3.0,4.0,0.0,0,0,0.0,0.0,0.0,0.0,0.0,,
,10.0,0.0,S,Isaiah Oliver,148,19868,NYJ,13,ATL,0.0,0.0,0.0,0.0,0.0,0,0.0,0.0,0,0.0,0.0,0,8.0,5.0,4.0,0.0,0.0,0.0,1.0,0.0,,,,,,,0.0,0.0,0.0,0.0,0.0,0.0,0.0,0,-0.0,4.0,5.0,1.0,0,0,0.0,0.0,0.0,0.0,0.0,,
,2.0,0.0,S,Isaiah Pola-Mao,528,23934,LV,13,LAC,0.0,0.0,0.0,0.0,0.0,0,0.0,0.0,0,0.0,0.0,0,2.0,2.0,0.0,0.0,0.0,0.0,0.0,0.0,,,,,,,0.0,0.0,0.0,0.0,0.0,0.0,0.0,0,-0.0,0.0,2.0,0.0,0,0,0.0,0.0,0.0,0.0,0.0,,
,5.0,0.0,S,Jalen Pitre,339,23422,HOU,13,IND,0.0,0.0,0.0,0.0,0.0,0,0.0,0.0,0,0.0,0.0,0,4.0,1.0,2.0,0.0,0.0,0.0,2.0,0.0,,,,,,,0.0,0.0,0.0,0.0,0.0,0.0,0.0,0,-0.0,2.0,1.0,2.0,0,0,0.0,0.0,0.0,0.0,0.0,,
,4.0,0.0,S,Jalen Thompson,325,21635,ARI,13,TB,0.0,0.0,0.0,0.0,0.0,0,0.0,0.0,0,0.0,0.0,0,4.0,2.0,0.0,0.0,0.0,0.0,2.0,0.0,,,,,,,0.0,0.0,0.0,0.0,0.0,0.0,0.0,0,-0.0,0.0,2.0,2.0,0,0,0.0,0.0,0.0,0.0,0.0,,
,2.0,0.0,S,Jason Pinnock,523,22922,SF,13,CLE,0.0,0.0,0.0,0.0,0.0,0,0.0,0.0,0,0.0,0.0,0,2.0,2.0,0.0,0.0,0.0,0.0,0.0,0.0,,,,,,,0.0,0.0,0.0,0.0,0.0,0.0,0.0,0,-0.0,0.0,2.0,0.0,0,0,0.0,0.0,0.0,0.0,0.0,,
,5.0,0.0,S,Jaylen McCollough,374,25560,LAR,13,CAR,0.0,0.0,0.0,0.0,0.0,0,0.0,0.0,0,0.0,0.0,0,3.5,2.0,3.0,0.0,0.0,0.0,0.0,0.0,,,,,,,0.0,0.0,0.0,0.0,0.0,0.0,0.0,0,-0.0,3.0,2.0,0.0,0,0,0.0,0.0,0.0,0.0,0.0,,
,2.0,0.0,S,Jaylen Reed,659,26063,HOU,13,IND,0.0,0.0,0.0,0.0,0.0,0,0.0,0.0,0,0.0,0.0,0,1.0,0.0,2.0,0.0,0.0,0.0,0.0,0.0,,,,,,,0.0,0.0,0.0,0.0,0.0,0.0,0.0,0,-0.0,2.0,0.0,0.0,0,0,0.0,0.0,0.0,0.0,0.0,,
,17.0,0.0,S,Jeremy Chinn,67,21921,LV,13,LAC,0.0,0.0,0.0,0.0,0.0,0,0.0,0.0,0,0.0,0.0,0,12.5,8.0,9.0,0.0,0.0,0.0,0.0,0.0,,,,,,,0.0,0.0,0.0,0.0,0.0,0.0,0.0,0,-0.0,9.0,8.0,0.0,0,0,0.0,0.0,0.0,0.0,0.0,,
,4.0,0.0,S,Jessie Bates III,314,19873,ATL,13,NYJ,0.0,0.0,0.0,0.0,0.0,0,0.0,0.0,0,0.0,0.0,0,4.5,3.0,1.0,0.0,0.0,1.0,0.0,0.0,,,,,,,0.0,0.0,0.0,0.0,0.0,0.0,0.0,0,-0.0,1.0,3.0,0.0,0,0,0.0,0.0,0.0,0.0,0.0,,
,5.0,0.0,S,Ji'Ayir Brown,310,24233,SF,13,CLE,0.0,0.0,0.0,0.0,0.0,0,0.0,0.0,0,0.0,0.0,0,4.5,4.0,1.0,0.0,0.0,0.0,0.0,0.0,,,,,,,0.0,0.0,0.0,0.0,0.0,0.0,0.0,0,-0.0,1.0,4.0,0.0,0,0,0.0,0.0,0.0,0.0,0.0,,
,5.0,0.0,S,Jonas Sanker,418,26159,NO,13,MIA,0.0,0.0,0.0,0.0,0.0,0,0.0,0.0,0,0.0,0.0,0,3.0,1.0,4.0,0.0,0.0,0.0,0.0,0.0,,,,,,,0.0,0.0,0.0,0.0,0.0,0.0,0.0,0,-0.0,4.0,1.0,0.0,0,0,0.0,0.0,0.0,0.0,0.0,,
,6.0,0.0,S,Jordan Poyer,309,14860,BUF,13,PIT,0.0,0.0,0.0,0.0,0.0,0,0.0,0.0,0,0.0,0.0,0,4.5,3.0,3.0,0.0,0.0,0.0,0.0,0.0,,,,,,,0.0,0.0,0.0,0.0,0.0,0.0,0.0,0,-0.0,3.0,3.0,0.0,0,0,0.0,0.0,0.0,0.0,0.0,,
,6.0,0.0,S,Joshua Metellus,285,21929,MIN,13,SEA,0.0,0.0,0.0,0.0,0.0,0,0.0,0.0,0,0.0,0.0,0,5.0,2.0,2.0,0.0,0.0,0.0,2.0,0.0,,,,,,,0.0,0.0,0.0,0.0,0.0,0.0,0.0,0,-0.0,2.0,2.0,2.0,0,0,0.0,0.0,0.0,0.0,0.0,,
,1.0,0.0,S,Justin Reid,724,19866,NO,13,MIA,0.0,0.0,0.0,0.0,0.0,0,0.0,0.0,0,0.0,0.0,0,0.5,0.0,1.0,0.0,0.0,0.0,0.0,0.0,,,,,,,0.0,0.0,0.0,0.0,0.0,0.0,0.0,0,-0.0,1.0,0.0,0.0,0,0,0.0,0.0,0.0,0.0,0.0,,
,4.0,0.0,S,Kam Curl,344,21923,LAR,13,CAR,0.0,0.0,0.0,0.0,0.0,0,0.0,0.0,0,0.0,0.0,0,4.0,4.0,0.0,0.0,0.0,0.0,0.0,0.0,,,,,,,0.0,0.0,0.0,0.0,0.0,0.0,0.0,0,-0.0,0.0,4.0,0.0,0,0,0.0,0.0,0.0,0.0,0.0,,
,6.0,0.0,S,Kamren Kinchens,254,25027,LAR,13,CAR,0.0,0.0,0.0,0.0,0.0,0,0.0,0.0,0,0.0,0.0,0,6.0,6.0,0.0,0.0,0.0,0.0,0.0,0.0,,,,,,,0.0,0.0,0.0,0.0,0.0,0.0,0.0,0,-0.0,0.0,6.0,0.0,0,0,0.0,0.0,0.0,0.0,0.0,,
,1.0,0.0,S,Kendall Williamson,679,24500,LAC,13,LV,0.0,0.0,0.0,0.0,0.0,0,0.0,0.0,0,0.0,0.0,0,0.5,0.0,1.0,0.0,0.0,0.0,0.0,0.0,,,,,,,0.0,0.0,0.0,0.0,0.0,0.0,0.0,0,-0.0,1.0,0.0,0.0,0,0,0.0,0.0,0.0,0.0,0.0,,
,12.0,0.0,S,Kevin Winston Jr.,71,26042,TEN,13,JAX,0.0,0.0,0.0,0.0,0.0,0,0.0,0.0,1,0.0,0.0,0,11.5,5.0,3.0,1.0,10.0,1.0,0.0,0.0,,,,,,,0.0,0.0,0.0,0.0,0.0,0.0,0.0,0,-0.0,3.0,5.0,0.0,4,0,0.0,0.0,0.0,0.0,0.0,,
,5.0,0.0,S,Kitan Crawford,334,26165,ARI,13,TB,0.0,0.0,0.0,0.0,0.0,0,0.0,0.0,0,0.0,0.0,0,4.0,3.0,2.0,0.0,0.0,0.0,0.0,0.0,,,,,,,0.0,0.0,0.0,0.0,0.0,0.0,0.0,0,-0.0,2.0,3.0,0.0,0,0,0.0,0.0,0.0,0.0,0.0,,
,7.0,0.0,S,Kyle Dugger,303,21926,PIT,13,BUF,0.0,0.0,0.0,0.0,0.0,0,0.0,0.0,0,0.0,0.0,0,4.5,1.0,5.0,0.0,0.0,0.0,1.0,0.0,,,,,,,0.0,0.0,0.0,0.0,0.0,0.0,0.0,0,-0.0,5.0,1.0,1.0,0,0,0.0,0.0,0.0,0.0,0.0,,
,15.0,0.0,S,Lathan Ransom,77,26167,CAR,13,LAR,0.0,0.0,0.0,0.0,0.0,0,0.0,0.0,1,0.0,0.0,0,11.3,2.0,9.0,1.0,8.0,1.0,0.0,0.0,,,,,,,0.0,0.0,0.0,0.0,0.0,0.0,0.0,0,-0.0,9.0,2.0,0.0,4,0,0.0,0.0,0.0,0.0,0.0,,
,8.0,0.0,S,Malik Mustapha,153,25163,SF,13,CLE,0.0,0.0,0.0,0.0,0.0,0,0.0,0.0,0,0.0,0.0,0,8.0,5.0,2.0,1.0,0.0,0.0,1.0,0.0,,,,,,,0.0,0.0,0.0,0.0,0.0,0.0,0.0,0,-0.0,2.0,5.0,1.0,0,0,0.0,0.0,0.0,0.0,0.0,,
,1.0,0.0,S,Marques Sigle,730,26174,SF,13,CLE,0.0,0.0,0.0,0.0,0.0,0,0.0,0.0,0,0.0,0.0,0,0.5,0.0,1.0,0.0,0.0,0.0,0.0,0.0,,,,,,,0.0,0.0,0.0,0.0,0.0,0.0,0.0,0,-0.0,1.0,0.0,0.0,0,0,0.0,0.0,0.0,0.0,0.0,,
,0.0,0.0,S,Mike Brown,883,23661,TEN,13,JAX,0.0,0.0,0.0,0.0,0.0,0,0.0,0.0,0,0.0,0.0,0,0.0,0.0,0.0,0.0,0.0,0.0,0.0,0.0,,,,,,,0.0,0.0,0.0,0.0,0.0,0.0,0.0,0,-0.0,0.0,0.0,0.0,0,0,0.0,0.0,0.0,0.0,0.0,,
,15.0,0.0,S,Minkah Fitzpatrick,60,19829,MIA,13,NO,0.0,0.0,0.0,0.0,0.0,0,0.0,0.0,1,0.0,1.0,0,13.4,4.0,3.0,1.0,9.0,1.0,0.0,0.0,,,,,,,0.0,0.0,0.0,0.0,0.0,0.0,0.0,0,-0.0,3.0,4.0,0.0,4,0,0.0,0.0,4.0,0.0,0.0,,
,6.0,0.0,S,Nick Cross,281,23305,IND,13,HOU,0.0,0.0,0.0,0.0,0.0,0,0.0,0.0,0,0.0,0.0,0,5.0,4.0,2.0,0.0,0.0,0.0,0.0,0.0,,,,,,,0.0,0.0,0.0,0.0,0.0,0.0,0.0,0,-0.0,2.0,4.0,0.0,0,0,0.0,0.0,0.0,0.0,0.0,,
,5.0,0.0,S,Nick Emmanwori,316,26013,SEA,13,MIN,0.0,0.0,0.0,0.0,0.0,0,0.0,0.0,0,0.0,0.0,0,4.5,3.0,1.0,0.0,0.0,0.0,1.0,0.0,,,,,,,0.0,0.0,0.0,0.0,0.0,0.0,0.0,0,-0.0,1.0,3.0,1.0,0,0,0.0,0.0,0.0,0.0,0.0,,
,16.0,0.0,S,Nick Scott,82,21131,CAR,13,LAR,0.0,0.0,0.0,0.0,0.0,0,0.0,0.0,0,1.0,0.0,0,11.0,5.0,4.0,0.0,0.0,0.0,1.0,0.0,,,,,,,0.0,0.0,0.0,0.0,0.0,0.0,0.0,0,-0.0,4.0,5.0,1.0,0,0,6.0,0.0,0.0,0.0,0.0,,
,3.0,0.0,S,Rayuan Lane III,336,26186,JAX,13,TEN,0.0,0.0,0.0,0.0,0.0,0,0.0,0.0,0,0.0,0.0,1,4.0,1.0,0.0,0.0,0.0,0.0,0.0,0.0,,,,,,,0.0,0.0,0.0,0.0,0.0,0.0,0.0,0,-0.0,0.0,1.0,0.0,0,0,0.0,0.0,0.0,1.0,2.0,,
,9.0,0.0,S,Ronnie Hickman,196,24202,CLE,13,SF,0.0,0.0,0.0,0.0,0.0,0,0.0,0.0,0,0.0,0.0,0,7.0,4.0,4.0,0.0,0.0,0.0,1.0,0.0,,,,,,,0.0,0.0,0.0,0.0,0.0,0.0,0.0,0,-0.0,4.0,4.0,1.0,0,0,0.0,0.0,0.0,0.0,0.0,,
,8.0,0.0,S,Terrell Burgess,249,21922,NO,13,MIA,0.0,0.0,0.0,0.0,0.0,0,0.0,0.0,0,0.0,0.0,0,6.0,3.0,4.0,0.0,0.0,0.0,1.0,0.0,,,,,,,0.0,0.0,0.0,0.0,0.0,0.0,0.0,0,-0.0,4.0,3.0,1.0,0,0,0.0,0.0,0.0,0.0,0.0,,
,9.0,0.0,S,Tony Adams,136,23960,NYJ,13,ATL,0.0,0.0,0.0,0.0,0.0,0,0.0,0.0,1,0.0,0.0,0,8.8,3.0,2.0,1.0,8.0,1.0,0.0,0.0,,,,,,,0.0,0.0,0.0,0.0,0.0,0.0,0.0,0,-0.0,2.0,3.0,0.0,4,0,0.0,0.0,0.0,0.0,0.0,,
,10.0,0.0,S,Tony Jefferson,230,15516,LAC,13,LV,0.0,0.0,0.0,0.0,0.0,0,0.0,0.0,0,1.0,0.0,0,6.5,2.0,1.0,0.0,0.0,0.0,1.0,0.0,,,,,,,0.0,0.0,0.0,0.0,0.0,0.0,0.0,0,-0.0,1.0,2.0,1.0,0,0,6.0,0.0,0.0,0.0,0.0,,
,4.0,0.0,S,Tykee Smith,306,25143,TB,13,ARI,0.0,0.0,0.0,0.0,0.0,0,0.0,0.0,0,0.0,0.0,1,4.5,1.0,1.0,0.0,0.0,0.0,0.0,0.0,,,,,,,0.0,0.0,0.0,0.0,0.0,0.0,0.0,0,-0.0,1.0,1.0,0.0,0,0,0.0,0.0,0.0,1.0,2.0,,
,3.0,0.0,S,Xavier Watts,457,26067,ATL,13,NYJ,0.0,0.0,0.0,0.0,0.0,0,0.0,0.0,0,0.0,0.0,0,2.5,1.0,1.0,0.0,0.0,0.0,1.0,0.0,,,,,,,0.0,0.0,0.0,0.0,0.0,0.0,0.0,0,-0.0,1.0,1.0,1.0,0,0,0.0,0.0,0.0,0.0,0.0,,
,2.0,0.0,S,Xavier Woods,514,19084,TEN,13,JAX,0.0,0.0,0.0,0.0,0.0,0,0.0,0.0,0,0.0,0.0,0,2.0,2.0,0.0,0.0,0.0,0.0,0.0,0.0,,,,,,,0.0,0.0,0.0,0.0,0.0,0.0,0.0,0,-0.0,0.0,2.0,0.0,0,0,0.0,0.0,0.0,0.0,0.0,,
,4.0,0.0,SS,Rayshawn Jenkins,522,19026,CLE,13,SF,0.0,0.0,0.0,0.0,0.0,0,0.0,0.0,0,0.0,0.0,0,2.0,0.0,4.0,0.0,0.0,0.0,0.0,0.0,,,,,,,0.0,0.0,0.0,0.0,0.0,0.0,0.0,0,-0.0,4.0,0.0,0.0,0,0,0.0,0.0,0.0,0.0,0.0,,